time,seconds_elapsed,z,y,x
1783696612657929700,0.0639296875,0.8944891716122627,-0.3230079652845859,0.16193302170932292
1783696612667893800,0.073893798828125,0.7197703180879355,-0.2865042810127139,-0.11083952494040131
1783696612677856800,0.083856689453125,0.6060615213215351,-0.21566870355010032,-0.394967651406303
1783696612687819800,0.09381982421875,0.6883908449620008,-0.08176613679975271,-0.6074295217391104
1783696612697782800,0.10378271484375,0.9208177910894155,0.10781798516213893,-0.6025415305018424
1783696612707745500,0.11374560546875,1.283206165125966,0.23584464561641214,-0.4658743944089859
1783696612717708500,0.12370849609375,1.5970611021399497,0.3176733262583613,-0.43798985072672364
1783696612727672600,0.133672607421875,1.6470061595261096,0.4858338441804051,-0.4932840871211141
1783696612737635600,0.143635498046875,1.6274164929151533,0.7003449021279812,-0.567829478887096
1783696612747598600,0.1535986328125,1.6030325777649879,0.8617623755306005,-0.641111645784229
1783696612757561600,0.1635615234375,1.6696061138689517,0.9227826614215969,-0.7018454428840428
1783696612767524600,0.173524658203125,1.6737790156394243,0.8918746051996945,-0.7645671258654445
1783696612777488000,0.18348779296875,1.659306838172674,0.9118398271247744,-0.7871774554718285
1783696612787451600,0.19345166015625,1.452916250577569,0.9488096676036715,-0.7701786090716719
1783696612797414700,0.20341455078125,1.130052077677846,1.0571519689008593,-0.7710081186983734
1783696612807377400,0.21337744140625,0.6852443636298179,1.2868155877947807,-0.720537137741968
1783696612817340400,0.22334033203125,0.13175883271992206,1.3474451208025215,-0.6050851505700499
1783696612827303400,0.233303466796875,-0.2419295184880495,1.308458387543261,-0.5901395103726536
1783696612837266400,0.243266357421875,-0.3566290798574686,1.2280308058708906,-0.5736690717607736
1783696612847230500,0.25323046875,-0.5239736052215099,1.1374331278398633,-0.465411745333299
1783696612857193500,0.263193359375,-0.7900316027939319,0.9697869891807437,-0.17734218776524066
1783696612867156500,0.273156494140625,-1.3290753513753413,0.5601280376642942,0.28348770967051384
1783696612877119500,0.283119384765625,-2.179540672343969,-0.035386955201625825,0.5123249607428908
1783696612887082200,0.293082275390625,-2.8516414767622944,-0.8041653420865535,0.5393079524755477
1783696612897045200,0.303045166015625,-3.4005835190236566,-1.7424568305462598,0.4935870886556804
1783696612907009300,0.31300927734375,-3.994986166733503,-2.7761867150664328,0.6874667889196425
1783696612916972300,0.32297216796875,-4.8569203916996715,-3.7223739252120254,1.0379540050212293
1783696612926935600,0.332935546875,-6.28348405740261,-4.4576761589527125,1.2721996179431676
1783696612936898600,0.342898681640625,-8.35616009978652,-4.847633507916331,1.2420835888817905
1783696612946861600,0.352861572265625,-10.641700309693812,-4.836752632939815,0.7699719805836677
1783696612956824600,0.362824462890625,-11.899909396207333,-4.393893714872003,0.3213564717505127
1783696612966788600,0.37278857421875,-11.838878296661376,-4.103595594534277,0.6902689137935638
1783696612976751400,0.38275146484375,-10.679903491359948,-4.24469800966084,1.7928344341307878
1783696612986714400,0.39271435546875,-9.422323934921621,-5.017027951547504,2.5310510940134523
1783696612996677400,0.402677490234375,-8.748681161758304,-6.09056962197423,2.2530301253162324
1783696613006640400,0.412640380859375,-7.985292651218176,-6.62289662952125,1.01911179577671
1783696613016603400,0.422603271484375,-6.802201641792059,-6.794491798067092,-0.24770554460622368
1783696613026567400,0.4325673828125,-5.22934676014781,-6.923622620370984,-0.9174079095806926
1783696613036530400,0.442530517578125,-3.4950106922149655,-6.522237283942103,-1.0718589049715548
1783696613046493400,0.452493408203125,-1.6385171481221914,-5.421096243450045,-0.9118412884294986
1783696613056456400,0.46245654296875,0.6442448292434215,-4.3783939479231835,0.46436442823745305
1783696613066419500,0.47241943359375,2.9573873318254944,-3.647095689126849,1.076855471149832
1783696613076382500,0.482382568359375,4.339625533589721,-1.7941800035208462,0.08649959506243467
1783696613086346500,0.492346435546875,4.789411620572209,-0.4335702807188034,-1.1192243211280555
1783696613096309500,0.5023095703125,5.117157720294594,0.5176502474188804,-2.030681944002211
1783696613106272500,0.5122724609375,5.463378218862414,1.4201508760511874,-3.053447366915643
1783696613116235500,0.522235595703125,5.750442179584502,2.1543734978616236,-4.217611849814653
1783696613126198500,0.532198486328125,6.002728841435909,2.8743741175740958,-4.953761640295386
1783696613136161300,0.542161376953125,6.016225451868772,3.614845862907171,-5.107734058389068
1783696613146125600,0.55212548828125,5.638014654800296,4.589712055048346,-4.922095166921616
1783696613156088300,0.56208837890625,5.197321390333771,5.792031496557593,-4.64832264944911
1783696613166051300,0.57205126953125,5.078251358795166,7.016482105854153,-4.239509793367982
1783696613176014300,0.582014404296875,5.195502942734956,7.941172938984632,-3.3785359378665683
1783696613185977300,0.591977294921875,5.6796472263932225,8.330769053420424,-2.3165467580676076
1783696613195940600,0.601940673828125,6.319993879154324,8.317748243805765,-1.4243800380535423
1783696613205904400,0.611904296875,6.7710729285568,8.0964552706331,-0.7654385749377309
1783696613215867400,0.621867431640625,7.091850942832231,7.870854955655336,-0.43961423705816266
1783696613225830700,0.63183056640625,7.457019887498021,7.613335069325566,-0.5197865287952125
1783696613235793400,0.64179345703125,7.9077552380293605,7.1825851067245,-0.8166513141721486
1783696613245756400,0.65175634765625,8.275944991821051,6.6648097716212265,-1.165210046429187
1783696613255719400,0.661719482421875,8.13744837527871,6.341628787857294,-1.5508002862244843
1783696613265683500,0.671683349609375,7.6355568380057806,6.213221603652834,-1.812231062387675
1783696613275646500,0.681646484375,6.918377705454826,6.08629735148251,-1.5925122066639363
1783696613285609500,0.691609375,5.914274312913418,5.8826744750350715,-1.165986729890108
1783696613295572500,0.701572509765625,4.790261515399814,5.74041295300126,-1.0288470809146761
1783696613305535500,0.711535400390625,3.628828211030364,5.552968473416566,-1.1865632155813277
1783696613315498200,0.721498291015625,2.2807260876238344,5.158576356875896,-1.2743521198019385
1783696613325462300,0.731462158203125,1.1124047773063181,4.852904726317525,-0.8861251017622649
1783696613335425300,0.74142529296875,0.5675713394075632,4.275037033823132,0.39788098156973717
1783696613345388300,0.75138818359375,1.0009230089396237,3.3852029945403337,1.8216786896906791
1783696613355351600,0.7613515625,2.043397925451398,2.419056115427613,2.4899966145694252
1783696613365314600,0.771314453125,2.63540286436975,1.0466869812488555,2.4671397628560663
1783696613375277600,0.781277587890625,2.794138551342487,-0.4088420821756124,1.9457316242083906
1783696613385241600,0.79124169921875,2.8013632418990135,-1.4288859711706638,1.2622956251747905
1783696613395204600,0.80120458984375,2.2927865277737376,-1.930704443207383,0.791292124249041
1783696613405167400,0.81116748046875,0.6529775862753391,-2.1359084513664244,0.45885888962373134
1783696613415130400,0.82113037109375,-2.0244208377808333,-2.4991776998907325,0.2623376618750393
1783696613425093400,0.83109326171875,-5.308922985687851,-3.182916335132718,1.0199909897640347
1783696613435056400,0.841056396484375,-8.651561680743098,-4.0501165178030725,2.6152427043944595
1783696613445020400,0.8510205078125,-10.951856976711749,-4.785882277402282,4.0075317600518465
1783696613454983400,0.8609833984375,-10.875989542561769,-5.7820841030389065,5.232695486053824
1783696613464946400,0.870946533203125,-8.981659896549582,-7.014013669914007,5.660358588555455
1783696613474909400,0.880909423828125,-6.891276348039508,-8.32683931275606,5.090386033225059
1783696613484872400,0.89087255859375,-5.882158342206478,-9.265864376187324,3.557411326548457
1783696613494835500,0.90083544921875,-6.067959146237373,-9.739883571672438,1.8065322662241756
1783696613504799500,0.910799560546875,-6.624498804020881,-9.878222367304563,0.9479207559399306
1783696613514762500,0.920762451171875,-6.717429601174593,-9.561119826671481,0.8698904446676373
1783696613524725500,0.9307255859375,-6.447145510339737,-8.920058303639292,1.1083997794486582
1783696613534688500,0.9406884765625,-6.533421525779366,-7.924702865698933,1.4896858923092484
1783696613544651500,0.950651611328125,-6.5814435061484575,-6.6462278207480905,1.7851155303165316
1783696613554614500,0.960614501953125,-5.818984969934821,-5.290646739763021,1.9831942166402934
1783696613564578600,0.97057861328125,-4.175805675220489,-3.9576837332993744,2.295973341116309
1783696613574541300,0.980541259765625,-2.199069548678398,-2.6557290285617112,2.479294603291154
1783696613584504300,0.99050439453125,-0.29571956086456774,-0.9414233567446469,2.2492883084394037
1783696613594467300,1.00046728515625,1.4290472992122172,0.8313426873475313,1.775345539191365
1783696613604430300,1.010430419921875,2.6717174558103083,2.304808389478922,0.9578947452045976
1783696613614393600,1.0203935546875,3.4286762255638834,3.533466971859336,-0.4075881365917623
1783696613624357400,1.030357421875,3.482423013320565,4.233082975190878,-1.8168071381315587
1783696613634320400,1.0403203125,2.854604418221116,4.5513913844823835,-2.938382187104225
1783696613644283600,1.05028369140625,1.9022692068397997,4.647866137853264,-3.432610057881474
1783696613654246400,1.060246337890625,1.2065478728592396,4.773416179060936,-3.5269773175790906
1783696613664209400,1.07020947265625,1.2091028180390595,5.03051813223958,-3.3300235436320302
1783696613674172400,1.08017236328125,1.932830349320173,5.191389077675343,-2.9054250893980265
1783696613684136400,1.090136474609375,3.1669372602343557,5.32218637188673,-2.2976491653740405
1783696613694099500,1.100099365234375,4.411718709897995,5.472359397697448,-1.6617988011188805
1783696613704062500,1.1100625,5.115908597016334,5.421043636479974,-1.0674774750169367
1783696613714025500,1.120025390625,5.113510303702951,5.2441065223842855,-0.8028803437773138
1783696613723988500,1.129988525390625,4.635153955796361,5.031676070103049,-0.9007285774584859
1783696613733951200,1.139951171875,4.116581332835555,4.677091355554759,-1.01906744517833
1783696613743914200,1.149914306640625,3.866799347281456,4.376779790724814,-1.2046421853683889
1783696613753878300,1.159878173828125,4.1480478997230525,4.159873946595192,-1.3937857239559293
1783696613763841300,1.16984130859375,4.844432081526517,3.923657545056939,-1.332788380549103
1783696613773804500,1.179804443359375,5.533448364910483,3.6940070779055354,-1.2024846420083195
1783696613783767600,1.189767578125,5.9231567075490945,3.457538162910938,-1.16039512042813
1783696613793730600,1.19973046875,5.849111228129267,3.303180544891953,-1.1679814839038998
1783696613803693600,1.209693603515625,5.418267157503962,3.2272745322972534,-1.2744941586211322
1783696613813657900,1.219657958984375,4.870205989730358,3.1357243758469817,-1.364210669903457
1783696613823620900,1.229620849609375,4.303120388013125,2.9322412001311777,-1.286410221864283
1783696613833583900,1.239583984375,3.933329628765583,2.5829952162623404,-1.1480879389755427
1783696613843547000,1.249546875,3.5425755764663216,1.8708353731781244,-0.46181510908082124
1783696613853510000,1.259510009765625,3.044919484806061,0.730662883502245,0.6328259018674492
1783696613863473000,1.269472900390625,2.649652923518419,-0.41926235390305516,1.3581114762455224
1783696613873437000,1.27943701171875,2.5173545770943164,-1.4188941539883613,1.3232710490107535
1783696613883399700,1.289399658203125,2.2391923002302647,-2.3884026184886693,0.6816669435344636
1783696613893362700,1.29936279296875,1.1556541364461184,-2.9972780281871554,-0.3676503862179816
1783696613903325700,1.30932568359375,-1.3410089502751827,-3.5795629526019095,-0.9584109510984271
1783696613913288700,1.319288818359375,-4.615910910665988,-4.3048879822075365,-0.6637421413958072
1783696613923252000,1.329251953125,-7.23657856271863,-4.9563469806134695,0.09608779987990855
1783696613933215700,1.3392158203125,-8.324936109483241,-5.207434203547239,0.5693796309385448
1783696613943179000,1.349178955078125,-8.208191890543699,-5.045944249430298,0.7760942628562449
1783696613953142000,1.35914208984375,-7.33575848339498,-4.932600194323062,1.5065892424456775
1783696613963104800,1.369104736328125,-6.219934253033995,-5.072817643308639,2.48779676643759
1783696613973067800,1.37906787109375,-5.427739919248223,-4.946280929151177,2.8849811440452933
1783696613983030800,1.38903076171875,-4.891140056687593,-4.75106464652121,2.946860677114129
1783696613992994800,1.398994873046875,-4.088782056283951,-4.917223761492967,2.9386762016147374
1783696614002957800,1.408957763671875,-3.1079028874635695,-5.016621708834171,2.6894582796841857
1783696614012920800,1.4189208984375,-2.0327865150660274,-4.723895484566688,2.1823829100325702
1783696614022883800,1.4288837890625,-1.0155670358419417,-4.391277979415655,1.5854782163739203
1783696614032846800,1.438846923828125,-0.27382980061769485,-4.090326363116502,1.1669240107402206
1783696614042809600,1.4488095703125,0.07338906133770942,-3.5797418163001535,0.8410735885713249
1783696614052773600,1.458773681640625,0.13726678248643875,-2.9481559776216746,0.5078433583494275
1783696614062736600,1.468736572265625,0.1261287178784609,-2.3137118269026278,0.1617511623363942
1783696614072700000,1.478699951171875,0.21042729576528071,-1.5279647695600986,-0.36362368798516687
1783696614082663000,1.488662841796875,0.19085224220156669,-0.6219172621011734,-0.8793003703087567
1783696614092626000,1.4986259765625,-0.3160767047166824,0.21015607760846614,-1.1393545243564993
1783696614102589000,1.5085888671875,-1.3818839814990758,0.9176511437520384,-1.2098732909549026
1783696614112552000,1.518552001953125,-2.4254431861162185,1.3964622496888042,-1.0598273255899548
1783696614122516000,1.528515869140625,-3.175629100733995,1.50671009234637,-0.8965938888065517
1783696614132478700,1.538478759765625,-3.1776983082234858,1.4959581044465302,-1.23256377312541
1783696614142441700,1.548441650390625,-2.2778093233942984,1.4270356671288609,-1.384916919454187
1783696614152404700,1.55840478515625,-0.7203916648566723,1.2612839639142155,-1.0070619500860571
1783696614162367700,1.56836767578125,0.8866402116775512,1.2659759211227297,-0.5162172189410775
1783696614172330800,1.578330810546875,2.223316101184487,1.4194018112495541,-0.0819130435903091
1783696614182294800,1.588294677734375,3.5108202557653185,1.621154509910941,0.27517602759487925
1783696614192257800,1.5982578125,4.754863454282283,1.8724246881961821,0.6833873375862837
1783696614202220800,1.608220703125,5.847313823318481,1.9573837758183479,1.0262935970395803
1783696614212183800,1.618183837890625,6.546821105578541,1.9017790852352976,1.0103764814615248
1783696614222146800,1.628146728515625,6.778890324309468,1.9269585346773266,0.8687358678050339
1783696614232109800,1.63810986328125,6.546176377934217,1.8914537983149289,0.8013412245765328
1783696614242073900,1.648073974609375,5.845744966566563,1.8695488404989242,0.5446996919838711
1783696614252036900,1.658036865234375,5.152783744949102,1.8577210400611162,0.043524577618297186
1783696614261999900,1.667999755859375,4.804811434277892,1.8300410059750079,-0.4041230908297002
1783696614271963000,1.677962890625,4.542272843003273,1.8414514577835797,-0.5903357270644978
1783696614281926000,1.68792578125,4.248992491984367,2.0247724276974797,-0.6867636090863496
1783696614291888600,1.697888671875,3.9830753641873597,2.3597104847505688,-0.7147380230091511
1783696614301852700,1.707852783203125,3.5960102295339107,2.524687988722324,-0.7111172752287238
1783696614311815700,1.717815673828125,2.87438405444622,2.6208508996650575,-0.8671880538411438
1783696614321778700,1.72777880859375,1.5845470730036497,2.551809804403782,-0.8448650167435408
1783696614331741700,1.73774169921875,-0.3485919038742781,2.3160440692424773,-0.6937740723703056
1783696614341705000,1.747705078125,-1.7593343155890702,2.0869556198880077,-0.8229606434494257
1783696614351668000,1.75766796875,-2.0810703612416983,1.466728210569918,-0.8804263055987656
1783696614361631000,1.767630859375,-1.6742057166188955,0.6056523559987544,-0.600724982599169
1783696614371595000,1.777594970703125,-1.0660650509357452,-0.08969809884279965,-0.37478535266444085
1783696614381557800,1.787557861328125,-0.8537474113792181,-0.5027908242002129,-0.39782684022970494
1783696614391520800,1.797520751953125,-1.9835113197654484,-0.9887138079687953,-0.2742426922675222
1783696614401483800,1.80748388671875,-4.72400479016006,-1.6287255296871066,-0.23614414001964032
1783696614411446800,1.81744677734375,-7.820432928407191,-1.8826763253584502,-0.5331969953145832
1783696614421409800,1.827409912109375,-10.010189874339103,-1.8693530256658792,-1.0869384006816893
1783696614431373800,1.837373779296875,-10.746211654525995,-1.8200246388733385,-1.3632622831374406
1783696614441336800,1.8473369140625,-9.997129317235945,-2.0328297696858644,-0.6713024205822498
1783696614451299800,1.8572998046875,-8.422650633782148,-2.726573666113615,0.5614527834620326
1783696614461262600,1.8672626953125,-6.644276102158427,-3.119121616092324,1.356307787824422
1783696614471225900,1.877225830078125,-5.044553087332845,-3.4580163018167016,1.7069219913065432
1783696614481188900,1.88718896484375,-3.893595584270358,-3.8700340914189812,1.9370514741465448
1783696614491152600,1.897152587890625,-3.4083670125067234,-4.260648442986607,2.119012553884089
1783696614501116000,1.907115966796875,-3.189044462624192,-4.613427277156711,2.244164389554411
1783696614511079000,1.917078857421875,-2.7140421013206244,-5.063001182693243,2.338154194241762
1783696614521042000,1.9270419921875,-1.7096166372179984,-5.367140196856856,1.9796248337209224
1783696614531005000,1.9370048828125,-0.5896732811003923,-5.326081041237711,1.3585042749553917
1783696614540967700,1.9469677734375,0.047505847540497775,-4.839543432702124,0.7103670413833111
1783696614550930700,1.9569306640625,0.0416097752392292,-3.802890646472573,0.14922664833869784
1783696614560894700,1.966894775390625,-0.5666296746432781,-2.585127259854972,-0.3000939765565097
1783696614570857700,1.976857666015625,-1.3171499357819556,-1.4519614340707658,-0.5528091294856742
1783696614580820700,1.98682080078125,-2.048697785425186,-0.39220863502174613,-0.647275429110974
1783696614590783700,1.99678369140625,-2.622936766028404,0.47790363570302724,-0.8059164966028183
1783696614600746800,2.006746826171875,-2.807566772714257,1.094952414985001,-0.9365152725674212
1783696614610710000,2.0167099609375,-2.490477091562748,1.5110574739009142,-1.087774193918705
1783696614620673800,2.026673828125,-1.9364315886825323,1.6440622150287032,-1.1276635020408778
1783696614630637000,2.036636962890625,-1.1187012471020221,1.6357432994946837,-1.1057882087107747
1783696614640599800,2.046599853515625,0.11075462313592434,1.6692086389839649,-1.1285585511844605
1783696614650562800,2.056562744140625,1.5381985788047312,1.6707763266921043,-1.1706199426487087
1783696614660525800,2.06652587890625,2.977529956144094,1.7394564796864986,-1.065920747094229
1783696614670488800,2.07648876953125,4.243012833052873,1.88736740578413,-0.7738723490230739
1783696614680451800,2.086451904296875,5.302722962003946,2.0609613469317556,-0.4625128455540165
1783696614690415900,2.096415771484375,6.069992697891593,2.202573757407069,-0.09590769407264887
1783696614700379000,2.10637890625,6.321535263377427,2.3745465270936488,0.2464479822931811
1783696614710342000,2.116341796875,6.155044724494219,2.6640701559275386,0.46782424983512605
1783696614720304600,2.1263046875,5.850581885203718,2.92727568667829,0.5881168819712475
1783696614730267600,2.136267578125,5.449348524466156,2.906487165671587,0.5928082181252539
1783696614740231000,2.14623095703125,5.06615818541944,2.8358915344446896,0.3806568750463426
1783696614750194700,2.156194580078125,4.871161683019995,2.7541037703350186,0.17908545123599467
1783696614760157700,2.16615771484375,4.955795191949606,2.7292899393349885,-0.16843363577499984
1783696614770121000,2.176120849609375,5.17179181227982,2.7315003088608383,-0.4228264761254191
1783696614780084000,2.186083984375,5.456435852378607,2.790532343544066,-0.5406213000964373
1783696614790047000,2.196046875,5.655515240177512,2.941701686915755,-0.6161875593427568
1783696614800009700,2.206009765625,5.331202622035145,3.025940059047937,-0.6964484792113304
1783696614809973000,2.215972900390625,4.6048611088633535,3.1836037328749893,-0.9225432997077703
1783696614819936000,2.22593603515625,4.056580745381116,3.1015704695716497,-1.1286573353838174
1783696614829899000,2.23589892578125,3.719108785936236,2.6633003405988216,-1.057713986697793
1783696614839862000,2.245862060546875,3.3426100534826517,1.8968699781447649,-0.710400943652913
1783696614849825000,2.255824951171875,2.6747955480813976,1.0241220982193946,-0.28838819506317376
1783696614859788000,2.2657880859375,2.0960656857997177,0.12533435263037682,0.11841171376034616
1783696614869751000,2.2757509765625,1.767328236952424,-0.671014178225398,0.44910183104537427
1783696614879715000,2.285715087890625,1.2695616706550121,-1.0532236895412206,0.1750310612786561
1783696614889678000,2.295677978515625,-0.2831991019874811,-1.322559685871005,-0.4014307830058038
1783696614899641000,2.30564111328125,-3.3794705883681773,-2.0142168391525743,-0.6361241396952421
1783696614909604000,2.31560400390625,-7.343097740241885,-3.127511258774996,-0.3218127641506493
1783696614919567000,2.325567138671875,-10.560593221324682,-3.7563323089152574,0.029811018232814967
1783696614929530000,2.335530029296875,-11.933684240037202,-3.420883379730582,0.27094591574445365
1783696614939494100,2.345494140625,-11.563248168623447,-3.2233406999796625,1.3170850538522005
1783696614949457000,2.355456787109375,-9.42329833291173,-3.587504851517081,2.7244243791252374
1783696614959420000,2.365419921875,-6.379657197478413,-3.9844945833355188,3.0640242905095216
1783696614969383000,2.3753828125,-3.9268513726621865,-4.345829064404964,2.7087249979510903
1783696614979346000,2.385345947265625,-2.8099866933375597,-4.602212640181183,2.1466642386585475
1783696614989309200,2.39530908203125,-3.0177742882490155,-4.731262213942408,1.9224922029182314
1783696614999273000,2.40527294921875,-3.7849399792402982,-4.657144838330149,1.9428236278071997
1783696615009236200,2.415236328125,-4.0316988175809385,-4.36422630636096,1.8941881917148828
1783696615019199200,2.42519921875,-3.672518884196877,-4.228575142377615,1.8281398485288023
1783696615029162000,2.435161865234375,-3.143126176536083,-4.087457529681921,1.5353934582561253
1783696615039125000,2.445125,-2.56246154679954,-3.7730981502771375,0.9985729386821388
1783696615049088000,2.455087890625,-1.6369085438817739,-3.2001404416561123,0.3344019043497741
1783696615059051000,2.465051025390625,-0.31065117253661156,-2.5479776788949966,-0.1479874984651804
1783696615069015000,2.47501513671875,1.1865741753667591,-1.713479742386937,-0.4516079686474055
1783696615078978000,2.48497802734375,2.56824363733232,-0.5022381587535143,-0.7261364921189845
1783696615088941000,2.494941162109375,3.4441935281693934,0.7902098819702863,-0.8285591941088437
1783696615098904000,2.504904052734375,3.510939498230815,2.016890442276001,-0.8932757041692734
1783696615108866800,2.51486669921875,2.969097058841586,2.9665415291398762,-1.0914322049695997
1783696615118830000,2.524830078125,2.1163614548534153,3.4503006128728386,-1.310838999069482
1783696615128793900,2.5347939453125,1.1953706452846526,3.5839915826991198,-1.5950354415312409
1783696615138756900,2.5447568359375,0.558517095336318,3.556713991934061,-1.9363857037141918
1783696615148720000,2.55472021484375,0.6017652854323386,3.531245204156637,-2.2130403524942697
1783696615158683100,2.56468310546875,1.370100604724884,3.5532843097463247,-2.2296013189338146
1783696615168646100,2.574646240234375,2.372508299264312,3.6920299326136705,-1.9954393657073377
1783696615178609200,2.584609130859375,3.278865018802881,3.870010126021504,-1.6029967757992445
1783696615188572000,2.594572021484375,4.027569754952192,4.095611025521159,-1.2585223902463911
1783696615198536000,2.604535888671875,4.5616041509389875,4.272958473983406,-0.923679975587502
1783696615208499000,2.6144990234375,4.967628837606311,4.200628858570754,-0.4822265769360587
1783696615218462000,2.6244619140625,5.314454316329956,3.926132410737872,-0.20156619964595882
1783696615228425000,2.634425048828125,5.567729404696822,3.547796525985002,-0.23398542761579155
1783696615238388000,2.644387939453125,5.661624662968516,3.045756520152092,-0.24104740189127621
1783696615248351000,2.65435107421875,5.603215144097804,2.736957112962007,-0.4147765867911279
1783696615258315000,2.66431494140625,5.535908617544174,2.6074223860323427,-0.7928820237889885
1783696615268278000,2.674278076171875,5.384478869670629,2.503903559368849,-1.129996621163562
1783696615278241000,2.684240966796875,5.325444496899843,2.5518606578081844,-1.3274458504773676
1783696615288204000,2.6942041015625,5.322029135498404,2.5293033735632897,-1.290486531392485
1783696615298167000,2.7041669921875,4.720526884916424,2.383629997259378,-1.212416180370748
1783696615308130000,2.714130126953125,3.3447850594341753,2.3183815722793337,-1.1887953585475683
1783696615318093000,2.724093017578125,1.6570809788167475,1.9743553688853979,-0.9806200064275413
1783696615328057000,2.73405712890625,0.4360632665783167,1.264815352910757,-0.6210295925464481
1783696615338020000,2.74402001953125,0.2682797652751207,0.48420858106613157,0.03484254612661898
1783696615347983000,2.753983154296875,1.0145791938483715,-0.27403321423530574,0.672597648024559
1783696615357945900,2.76394580078125,1.8999229359745977,-0.8012509159445762,0.9634942457120865
1783696615367908900,2.773908935546875,2.1692063253343106,-1.1724626479059457,0.9764550687678157
1783696615377872000,2.783871826171875,1.109525422477722,-1.5733295134186744,1.059850268074125
1783696615387836000,2.7938359375,-1.7820552659630775,-2.200063235890865,1.3542550930783153
1783696615397799000,2.803798828125,-5.831503675246238,-3.034986119812727,1.817251520898193
1783696615407762200,2.81376220703125,-9.46790728996694,-3.980695191052556,1.9164090836122631
1783696615417725200,2.82372509765625,-11.337116523247957,-4.395416394394636,1.5063349754236637
1783696615427688200,2.833688232421875,-11.128404799228907,-4.857731123560667,1.9550987336210905
1783696615437651000,2.84365087890625,-9.436903079894185,-5.507206254673004,2.8596383207350966
1783696615447615200,2.853615234375,-7.5799623765558,-5.935435174363851,3.2357565294384956
1783696615457578000,2.863577880859375,-6.578358399614691,-6.238644214200973,2.9928382921740413
1783696615467541000,2.873541015625,-6.66739628098309,-6.428855235889554,2.672769595211744
1783696615477504000,2.88350390625,-7.268008889248967,-6.50116819242835,2.54249690939635
1783696615487467000,2.893467041015625,-7.4444438990414135,-6.298454832041263,2.473768533346057
1783696615497430000,2.903429931640625,-6.8312640701472755,-5.947215628528594,2.3621467719867826
1783696615507393000,2.91339306640625,-5.590636233031749,-5.413267157259583,2.115349647462368
1783696615517357000,2.923357177734375,-4.044186543232202,-4.8723581993281835,1.9469106048598885
1783696615527320000,2.933320068359375,-2.275814350184798,-4.296751437503099,1.8278825127668679
1783696615537282800,2.94328271484375,-0.34519700073897835,-3.724243226215243,1.730293222282827
1783696615547246000,2.95324609375,1.6859528530359267,-3.121757225292921,1.557684492780268
1783696615557209000,2.963208984375,3.390746600142121,-2.388026186391711,1.1741915905904023
1783696615567172000,2.973172119140625,4.510586495885253,-1.3936445619195699,0.654185354629904
1783696615577136000,2.98313623046875,4.9978433586061,-0.15548632978796958,0.18673983844667671
1783696615587099100,2.99309912109375,4.786639233249425,0.9749667299062013,0.053932665717601774
1783696615597062100,3.003062255859375,3.873102831339836,1.8902876771450041,0.0037400633111596107
1783696615607025200,3.013025146484375,2.8886493111640212,2.61056974414736,-0.23122655736170708
1783696615616988000,3.02298779296875,2.1386720708608626,2.986116874964535,-0.4363038704011589
1783696615626951000,3.032950927734375,1.8184616273403167,3.0897604970514774,-0.5358127307709306
1783696615636914000,3.042913818359375,2.1185750392496585,3.1442250776886937,-0.6428682071279734
1783696615646878000,3.0528779296875,2.8294308139979836,3.2849303101912137,-0.9008695933643728
1783696615656841000,3.062841064453125,3.739368899154663,3.483396534527838,-1.013819315391779
1783696615666804000,3.072803955078125,4.462750977998971,3.7325808464497325,-0.9234913211476057
1783696615676767200,3.082767333984375,4.874688103580475,3.931769832102954,-0.8262287783998995
1783696615686730200,3.092730224609375,5.005515208408236,4.017532345062494,-0.5053833979766815
1783696615696693000,3.10269287109375,4.933167180556058,3.958175023947656,-0.18825046220533548
1783696615706657000,3.112656982421875,4.986867791083455,3.884703252762556,-0.08634674258828162
1783696615716620000,3.1226201171875,5.22878678817749,3.7731782297760246,-0.15792057119756936
1783696615726583000,3.1325830078125,5.639235721027851,3.63668769235909,-0.4953079210989177
1783696615736546000,3.142546142578125,6.067227324831485,3.442843867126107,-0.9279033654361962
1783696615746509000,3.152509033203125,6.261398482322693,3.2126042019098997,-1.3846667440854012
1783696615756472000,3.16247216796875,6.036966042080521,3.0535061113655564,-1.9127910392455756
1783696615766436000,3.17243603515625,5.585728587245941,3.018898323842883,-2.3030079159282146
1783696615776399000,3.182399169921875,5.059155028659105,3.265589942166209,-2.479883216834068
1783696615786361900,3.19236181640625,4.54720094705522,3.6385832968473433,-2.4478971561171115
1783696615796324900,3.202324951171875,3.7960751212388275,3.8087475558072326,-2.0627815480962393
1783696615806288100,3.2122880859375,3.0651889503747225,3.6429584431916475,-1.5537731645554302
1783696615816252000,3.222251953125,2.38668587769866,3.114641840329766,-1.0136728926584124
1783696615826215000,3.23221484375,1.4007885884553193,2.3213626339167357,-0.5636991741493343
1783696615836179000,3.242178955078125,0.005868599772453307,1.5418910035818814,-0.6015719548173248
1783696615846142000,3.252141845703125,-1.588246512043476,0.5796557449549437,-0.9353096961699425
1783696615856105200,3.262105224609375,-3.287013253945112,-0.3862871360182762,-1.7542364079281687
1783696615866068200,3.272068115234375,-4.937313778841495,-1.1676888576328754,-2.7655872873798013
1783696615876031000,3.282031005859375,-6.719252140426636,-1.998012723326683,-3.1414032982662317
1783696615885994000,3.291993896484375,-8.171664533135294,-2.3978426470071077,-3.0752748755812642
1783696615895957000,3.30195703125,-8.783067415484785,-2.523332482460141,-2.121007819354534
1783696615905921000,3.311921142578125,-8.49501035207212,-2.874207528835535,0.016967793674767015
1783696615915884000,3.321884033203125,-7.8569456727683535,-3.6303467988997697,2.6224565812960265
1783696615925847000,3.331846923828125,-7.587938762262463,-4.606017293161154,4.553811305105686
1783696615935810000,3.34181005859375,-7.138072011259197,-5.528777450489997,5.008295194515585
1783696615945773000,3.35177294921875,-6.403061453941464,-6.6737810135841364,4.606680725505948
1783696615955735800,3.36173583984375,-5.745955389559269,-8.078209419846534,4.151569644108414
1783696615965699800,3.371699951171875,-5.1013569245725865,-9.203142839336394,3.417850880166888
1783696615975662800,3.381662841796875,-4.6942263224899765,-9.871351897013186,2.776902462120354
1783696615985625900,3.3916259765625,-4.7738791203975675,-9.678958855110407,2.188062709234655
1783696615995589000,3.401589111328125,-5.213021648290753,-8.731225000044702,1.7874442655250429
1783696616005552000,3.41155224609375,-5.597221456640958,-7.512335532006621,1.7392540889821946
1783696616015515100,3.42151513671875,-5.075331087434291,-6.205219498983025,1.8060070733062923
1783696616025479200,3.431479248046875,-3.551887010169029,-4.875872929450869,1.7717888696230948
1783696616035442200,3.441442138671875,-1.2794582107692956,-3.5147371369481086,1.0443421716883778
1783696616045405000,3.451405029296875,1.2162380767464638,-2.3134265802204608,-0.08466448858976364
1783696616055368000,3.461367919921875,3.1950475024312732,-1.3300257839679717,-1.078591793423146
1783696616065331000,3.4713310546875,4.008063674971461,-0.28042086944580075,-2.02312568340376
1783696616075294000,3.4812939453125,3.620002515017986,0.7404489489793777,-2.78940596986264
1783696616085257000,3.491257080078125,2.6691706939369437,1.649571626099944,-3.131768916219473
1783696616095221000,3.501220947265625,1.8195868319779633,2.3762790499746798,-3.0244524508386847
1783696616105184000,3.51118408203125,1.4615186592280864,2.94611307361722,-2.809018140566349
1783696616115147000,3.52114697265625,1.580646558433771,3.4260283414036032,-2.7100559542939067
1783696616125110000,3.531110107421875,2.261026530897617,3.8287440496534106,-2.77035435565114
1783696616135073000,3.541072998046875,3.3070237763166426,4.0670369652047755,-2.779016970056295
1783696616145036000,3.5510361328125,4.534371276098489,4.221695027475059,-2.727621713861823
1783696616154999000,3.5609990234375,5.775629227811097,4.282365184754133,-2.620355517363548
1783696616164963000,3.570963134765625,6.617462914034724,4.120197769767046,-2.292229332282394
1783696616174926000,3.580926025390625,6.793464208585023,3.923983708271384,-1.7500319419756531
1783696616184889000,3.59088916015625,6.353448989510536,3.823208042836189,-1.3394254804760217
1783696616194852000,3.60085205078125,5.747784943073988,3.8440076697587964,-1.236935412338376
1783696616204814800,3.61081494140625,5.382016278949379,3.825681154951453,-1.1487373427949845
1783696616214777900,3.62077783203125,5.429895051455498,3.7758506638556715,-1.1448286449186502
1783696616224740900,3.630740966796875,5.8012377163201565,3.7386779942810535,-1.1696022900387644
1783696616234705000,3.640704833984375,6.385356285902858,3.8032758463978764,-1.1342967295102775
1783696616244668000,3.65066796875,7.072310376060009,3.757507782435417,-1.284414664132893
1783696616254631200,3.660631103515625,7.479926715832948,3.573236087667942,-1.3812231795027852
1783696616264594200,3.67059423828125,7.376865569809079,3.4793653793156145,-1.6235595252260564
1783696616274557200,3.68055712890625,6.886873729166388,3.4141531946927306,-2.1309593045264483
1783696616284520000,3.69052001953125,6.112661626794934,3.153579766011238,-2.3453020201697945
1783696616294484200,3.700484130859375,5.0865392946690315,2.6909096475362775,-2.2242266401581463
1783696616304447000,3.710447021484375,3.622397885721922,2.1173907979011535,-1.868422466817498
1783696616314410000,3.720409912109375,2.3930326163768765,1.3930243841946124,-1.3283718792811035
1783696616324373000,3.730373046875,1.9948972216546534,0.5423778614401817,-0.7969554107077419
1783696616334336000,3.7403359375,2.1999562683850526,-0.23303777150213717,-0.34050241318196056
1783696616344299000,3.750299072265625,2.1257740108430383,-0.7581722371965647,-0.14770064434781668
1783696616354263000,3.760262939453125,0.805108175894618,-1.2154366972357034,-0.08967427957579494
1783696616364226000,3.77022607421875,-1.9391630594730376,-1.7407465194970368,0.2262505955800414
1783696616374189000,3.78018896484375,-5.761662077257037,-2.6257746198028324,1.04488840739429
1783696616384151800,3.79015185546875,-9.482294127237797,-3.9660049869209524,2.2443998057454824
1783696616394115000,3.800114990234375,-11.770066041719913,-5.162971961486339,2.9669445569828152
1783696616404078000,3.810078125,-11.752701065421103,-6.123574065953493,3.423207146503031
1783696616414041000,3.820041015625,-9.812949976927042,-7.227800797501206,4.095468986701965
1783696616424005000,3.830005126953125,-7.590199108409881,-8.166083518132567,4.496613500112295
1783696616433968000,3.839968017578125,-6.328017611134052,-8.370243570196628,4.241999272096157
1783696616443931100,3.84993115234375,-6.0835904306113715,-7.8270596530705685,3.639562955534458
1783696616453894100,3.85989404296875,-6.377726521676778,-7.208356676840782,3.310617124633491
1783696616463857000,3.86985693359375,-6.640111968216299,-6.544805089581012,3.0088422092527147
1783696616473820000,3.87981982421875,-6.548769317036867,-5.850934936425089,2.7522069968029856
1783696616483783000,3.889782958984375,-6.4856701790452,-5.238850501552224,2.9690973511025307
1783696616493747000,3.899746826171875,-6.961167045867443,-4.570172072798013,3.3296760453686116
1783696616503710000,3.9097099609375,-7.00318949356079,-3.6692747877091167,3.0896874318152663
1783696616513673000,3.9196728515625,-5.452089932128787,-2.947090394216776,2.3631796221658585
1783696616523636200,3.92963623046875,-2.3746482339024544,-2.3586457781285044,1.0937884857721627
1783696616533599200,3.93959912109375,1.1693278570115566,-1.6629945867747067,-0.4929483523607254
1783696616543562000,3.94956201171875,3.750762399828434,-0.8352338495671748,-1.8288683089338242
1783696616553526000,3.959526123046875,4.843974400886893,0.2191243969619274,-2.64692846699059
1783696616563489000,3.969489013671875,4.574029332748055,1.2789204506307839,-2.8090093727380037
1783696616573452000,3.9794521484375,3.3440935700386762,2.2681074290692806,-2.56349761184901
1783696616583415000,3.9894150390625,1.8519208293497562,3.029064328548312,-2.0620111482456327
1783696616593378000,3.9993779296875,0.6008259587556123,3.5648669032514095,-1.6660127655521033
1783696616603341000,4.009341064453125,0.006488777497410773,3.853825883939862,-1.6727599017247556
1783696616613304000,4.019303955078125,0.28226912766098977,3.9979637212395667,-1.8790987591326236
1783696616623268000,4.02926806640625,1.0725181725978852,3.969206997832656,-1.9834809246271847
1783696616633230800,4.03923095703125,2.1356354796439407,3.884001826494932,-1.9348072023510932
1783696616643193900,4.04919384765625,3.2299399521142242,3.7991917919546365,-1.7152499669298529
1783696616653157000,4.0591572265625,4.183497983288765,3.661612874779105,-1.4388747196130454
1783696616663120100,4.0691201171875,4.858365329810977,3.4776965693205595,-1.0928294314816593
1783696616673083100,4.079083251953125,5.091515914037823,3.315270795658231,-0.7831801294639706
1783696616683047200,4.089047119140625,5.053046774911881,3.285754193794727,-0.6962512030735611
1783696616693010200,4.09901025390625,4.950703421768546,3.2153590535759924,-0.7342708448663353
1783696616702973200,4.10897314453125,4.784974514907598,3.147944974994659,-0.7621535619176923
1783696616712936000,4.11893603515625,4.741314236879348,3.155722623258829,-0.8197967725910246
1783696616722899000,4.12889892578125,4.90871370730102,3.1729835546612737,-0.909572758975625
1783696616732862000,4.138862060546875,5.033626619648933,3.3187732508212324,-1.0538707552731037
1783696616742825000,4.148824951171875,4.968746443459391,3.5374580873221158,-1.2096572370514274
1783696616752789000,4.1587890625,4.7501551304608585,3.824161398038268,-1.358145232384652
1783696616762752000,4.168751953125,4.419555979394913,4.024427949795126,-1.5083962918676435
1783696616772715000,4.178715087890625,4.096228280636668,4.128579229143262,-1.6844354342103003
1783696616782678000,4.188677978515625,3.9183904183089733,4.059305786430835,-1.6896471775092183
1783696616792641000,4.19864111328125,3.6841999696403738,3.767140118655562,-1.392194216980785
1783696616802604000,4.20860400390625,3.521170384865999,3.3402216970413923,-1.0529271908126772
1783696616812567000,4.218567138671875,3.486252216219902,2.629381119862199,-0.4578602339752018
1783696616822529800,4.22852978515625,3.3821494521886106,1.6453981398075819,0.4150412290766835
1783696616832492800,4.238492919921875,2.979809591513872,0.551924272942543,1.1695748175099492
1783696616842455800,4.248455810546875,1.9934148741424083,-0.6337789648085832,1.4732694489069282
1783696616852418800,4.258418701171875,0.521630841487646,-1.6036621078401803,0.9330905588157474
1783696616862381800,4.2683818359375,-1.6926994046866892,-2.473720018029213,0.12399009841457008
1783696616872345000,4.278344970703125,-3.926331732702255,-3.6657349231451746,-0.018299188409000633
1783696616882308900,4.288308837890625,-5.470404171976447,-4.878734748622775,0.2887441688939929
1783696616892271900,4.29827197265625,-5.986261106237769,-5.512732324618101,0.4076651473507285
1783696616902235000,4.30823486328125,-5.889270220038294,-5.719319311568141,0.6302195187613367
1783696616912198000,4.318197998046875,-6.445918598893284,-6.088646544957161,1.4702265740796923
1783696616922161000,4.328160888671875,-7.07096539119184,-6.164659525057673,1.8946813820593058
1783696616932124000,4.3381240234375,-6.986354094094038,-6.230671335625648,1.9383150643415747
1783696616942087000,4.3480869140625,-6.5612114499807355,-6.486082266977429,1.936818688303977
1783696616952051000,4.358051025390625,-6.4049927142649885,-6.7089236386358735,2.079209828066826
1783696616962014000,4.368013916015625,-6.074615681517124,-6.73964552463591,2.272007212986797
1783696616971977000,4.37797705078125,-5.08853952857554,-6.499540883487462,2.3372113604336975
1783696616981939700,4.387939697265625,-4.066332908588648,-6.193633106085658,2.2550275827437636
1783696616991902700,4.39790283203125,-3.737038994902372,-5.711363384127616,1.8425624877654014
1783696617001866000,4.407865966796875,-3.304762845647335,-4.801454525065422,1.0671198937509208
1783696617011829800,4.417829833984375,-2.054457079604268,-3.955539122486114,0.4512928382836282
1783696617021792800,4.427792724609375,-0.6981681426107883,-3.2173060959905384,0.048628275699168444
1783696617031756000,4.437756103515625,0.5943646537870169,-2.1925164737731215,-0.40576939673200246
1783696617041719000,4.447718994140625,1.8294219972938297,-1.0733879411697387,-0.7336238521996885
1783696617051682000,4.45768212890625,2.5492647960960864,0.05694470701515674,-0.9378865609206258
1783696617061644800,4.467644775390625,2.309668104469776,1.109320839816332,-1.167554929054901
1783696617071607800,4.47760791015625,1.2952864790201186,2.0446552320361135,-1.501935279159993
1783696617081571800,4.48757177734375,0.08093991510868072,2.684917129123211,-1.82478703096956
1783696617091534800,4.497534912109375,-0.8701607860416174,2.967388501358032,-1.9272034493491053
1783696617101497900,4.507497802734375,-1.4198282199680805,2.9637580359011886,-1.8990207264378667
1783696617111460900,4.5174609375,-1.4737860201269388,2.9147388611882925,-1.8275057884089647
1783696617121424000,4.527423828125,-0.9099567898571491,2.804161055923998,-1.670631657524407
1783696617131387000,4.537386962890625,0.14304945754110812,2.731297479765117,-1.523659473581612
1783696617141350000,4.547349853515625,1.5180536163985727,2.674522868619859,-1.4037220115587115
1783696617151314000,4.55731396484375,3.011807488799095,2.712197934758663,-1.1360356090668589
1783696617161277000,4.56727685546875,4.434077841222286,2.815541404855251,-0.7429321440972387
1783696617171240000,4.577239990234375,5.593518510469794,2.8222192751839756,-0.22887020349390805
1783696617181203000,4.587202880859375,6.295263342523574,2.7299758757725354,0.23168270363137125
1783696617191166000,4.597166015625,6.348454249963164,2.5816744890525936,0.5905656998954713
1783696617201129000,4.60712890625,6.032404433253407,2.4593393182381984,0.5451553633294999
1783696617211093000,4.617093017578125,5.727399742171168,2.3874068854495882,0.2482166359335184
1783696617221056000,4.627055908203125,5.582192814335227,2.2572180785253644,-0.08720832785367966
1783696617231019000,4.63701904296875,5.60945316170454,2.2064754410207272,-0.5023164846867323
1783696617240981800,4.646981689453125,5.627558727237582,2.3266794450253245,-0.864571149341017
1783696617250944800,4.65694482421875,5.375360328191518,2.4737071585476396,-1.077163952577114
1783696617260907800,4.66690771484375,4.821197336411476,2.7244822467923164,-1.2300395153447985
1783696617270871000,4.67687109375,4.211175094765425,3.033094022455811,-1.3076022091053425
1783696617280834800,4.686834716796875,3.726386083462834,3.1435996392667294,-1.1557390382505952
1783696617290797800,4.6967978515625,3.342318377059698,2.8851626380920408,-0.8574766610354184
1783696617300761000,4.706760986328125,3.18134572481513,2.4081980368047953,-0.4506320362873375
1783696617310724000,4.71672412109375,2.9486580819249153,1.7334703910142182,0.043551995348185296
1783696617320686800,4.726686767578125,2.350177809512615,0.9494880052566528,0.3693763332277536
1783696617330649900,4.73664990234375,1.6923188809365033,0.28730478374063967,0.5730291664220393
1783696617340612900,4.74661279296875,1.133041322621703,-0.2764583955556154,0.7425159645117819
1783696617350577000,4.756576904296875,0.03950082026124,-0.8217424998313189,0.6433629318423569
1783696617360540000,4.766539794921875,-2.028983031129837,-1.3829928195238113,0.3581989595226943
1783696617370503000,4.7765029296875,-5.070674786061049,-2.3570763368546963,0.08499445119649171
1783696617380466000,4.7864658203125,-7.774131195959448,-3.3256308616310357,-0.42262554672583935
1783696617390429000,4.796428955078125,-9.421622508653998,-4.087983014860749,-0.6554053979441523
1783696617400392000,4.806391845703125,-9.78510978384316,-4.506632789823413,-0.34619945577979083
1783696617410355700,4.816355712890625,-9.10548267557323,-5.021129541647434,0.83580258936584
1783696617420318700,4.826318603515625,-7.851164166757464,-5.460753715577721,2.2042836300648747
1783696617430282000,4.836281982421875,-6.531452271533012,-5.422873189994693,2.764589216253161
1783696617440245000,4.846244873046875,-5.752472224107384,-5.317416673266887,2.8375200124293563
1783696617450208000,4.8562080078125,-5.718242037725449,-5.439834846189618,3.080562460595369
1783696617460171000,4.8661708984375,-5.799535588577389,-5.624629103526472,3.35384953263849
1783696617470134000,4.876134033203125,-5.348004703754186,-5.975096738144755,3.571102582770586
1783696617480098000,4.88609814453125,-4.243773296031356,-6.207908884197473,3.5115915323987603
1783696617490060800,4.896060791015625,-2.5901106012254953,-6.049847735485434,3.1357360662847755
1783696617500023800,4.90602392578125,-0.7546621832489967,-5.56762068362534,2.6194573994800447
1783696617509986800,4.91598681640625,0.800734783115983,-4.6890217395842075,1.8657004945077
1783696617519949800,4.92594970703125,1.9466005159974098,-3.542718784329295,1.02966285427697
1783696617529912800,4.935912841796875,2.9346733957141637,-2.160156172916293,0.1144241784941405
1783696617539876000,4.9458759765625,3.536148173767328,-0.7357359489828348,-0.5657102217108011
1783696617549840000,4.95583984375,3.5054905851751563,0.6607669249773025,-0.9068446491859853
1783696617559803100,4.96580322265625,2.849973835811019,1.8711147746413945,-1.093949448487535
1783696617569766000,4.975765869140625,1.965602738109231,2.7436843753904103,-1.4270362516507507
1783696617579729000,4.98572900390625,1.2022808630645274,3.268250101286173,-1.9078683420211076
1783696617589692000,4.99569189453125,0.6340916840195655,3.487324521626532,-2.290711328934878
1783696617599655000,5.005655029296875,0.29446050071418284,3.5407851859182116,-2.485461309227347
1783696617609619000,5.015618896484375,0.16435294233262537,3.534372688527405,-2.4816148629322647
1783696617619582000,5.02558203125,0.3260287744104862,3.5235438359990714,-2.2423706380054353
1783696617629545000,5.035544921875,0.9415379230350256,3.571937864550948,-1.9066630578845738
1783696617639508000,5.045508056640625,1.821385405832529,3.7756416972801086,-1.609317357122898
1783696617649470700,5.055470703125,2.779483418524265,3.888444485117495,-1.0109093462292105
1783696617659433700,5.065433837890625,3.6448189763665195,3.74781377915591,-0.34200784930884837
1783696617669397000,5.07539697265625,4.331680127543211,3.639350189566612,0.06042502341158688
1783696617679360800,5.08536083984375,4.888648239871859,3.6083898186355827,0.2789646792881191
1783696617689323800,5.09532373046875,5.471168142086267,3.495968139070272,0.3244524650044739
1783696617699287000,5.105287109375,6.067357673212886,3.2154584222972393,0.30615313046500087
1783696617709250000,5.11525,6.544829639500379,2.9150270304799077,0.06809336608238518
1783696617719213000,5.125213134765625,6.7063575875401495,2.778464012348652,-0.4496113880027085
1783696617729175800,5.13517578125,6.648368924430012,2.8538445397645233,-1.0411258399903773
1783696617739138800,5.145138916015625,6.439953553009032,2.946825605800748,-1.5294944633454084
1783696617749102800,5.155102783203125,5.891209663668275,3.149828889045119,-1.9209554948702454
1783696617759065900,5.16506591796875,4.766180967110395,3.510763557142019,-2.0842447534941138
1783696617769028900,5.17502880859375,3.301347484245896,3.9564761110752817,-1.8991354388587176
1783696617778991900,5.184991943359375,2.0216601408958432,4.074007096478343,-1.3877633949264883
1783696617788955000,5.194954833984375,1.2580910130918026,3.8475790985047813,-0.705228728646785
1783696617798918000,5.20491796875,1.3207441608816384,3.244424404540658,-0.14330094808414578
1783696617808881000,5.214880859375,2.055283009034395,2.4783424171328545,0.23902765956670044
1783696617818845700,5.224845703125,2.8277047208577395,1.8608184215545653,0.5020033270843327
1783696617828808700,5.23480859375,2.9195313561618326,1.1229799473345279,0.48223450451418753
1783696617838771700,5.244771728515625,1.7355226473689078,0.3214326787918806,0.16380378401726484
1783696617848735000,5.25473486328125,-0.8834867160826921,-0.508443443134427,-0.0964344213604927
1783696617858698000,5.264697998046875,-4.132772589179873,-1.4718150123149156,0.05189911406338214
1783696617868660700,5.27466064453125,-7.061314350271225,-2.5913071175336837,0.600941255698353
1783696617878624800,5.284624755859375,-8.976305676040052,-3.4255975487709045,1.3213129006803035
1783696617888587800,5.294587890625,-9.770371648916601,-4.252458706790208,2.189788656244427
1783696617898550800,5.30455078125,-9.384814580738544,-5.160011358115077,3.099817196163535
1783696617908513800,5.314513671875,-8.20533650111258,-5.884730823042989,3.534910156404972
1783696617920344800,5.3263447265625,-6.684005470478534,-6.657514353916048,3.463621866738796
1783696617930307800,5.336307861328125,-5.4885430552572005,-7.495357509198785,3.2409716337382792
1783696617940270600,5.3462705078125,-5.120221199518442,-8.167477602839469,2.9590006122410295
1783696617950235000,5.35623486328125,-5.457982497298717,-8.302305175480246,2.6328184008345006
1783696617960197600,5.36619775390625,-5.62884876704812,-7.972544813326,2.3699498469531535
1783696617970160600,5.37616064453125,-5.237685549426079,-7.666049591425061,2.1942555725254116
1783696617980123600,5.38612353515625,-4.584914883899688,-7.2466948830634355,1.9855501321166753
1783696617990087000,5.3960869140625,-3.649093000423908,-6.573111146610975,1.9139773264206945
1783696618000050000,5.4060498046875,-2.253260573071241,-5.7318958845466375,1.9931853031702338
1783696618010013000,5.416012939453125,-0.5662713627249002,-4.80315489924252,1.9732550064280627
1783696618019977000,5.42597705078125,0.9870932210296391,-3.790676477065682,1.4461967330642043
1783696618029940000,5.43593994140625,2.1261942820817232,-2.568962014734745,0.2983164454899728
1783696618039902700,5.44590283203125,2.81595349278748,-1.3641975181609391,-0.8886345272999256
1783696618049865700,5.45586572265625,3.0969419329881664,-0.14305238015055655,-1.6975427530646323
1783696618059828700,5.465828857421875,2.870969277566671,1.1427262658119202,-1.915993196287751
1783696618069791700,5.475791748046875,2.2156150252878666,2.419828853365779,-1.8220421161755918
1783696618079754800,5.485754638671875,1.5361995139420033,3.455552542051673,-1.569369085355103
1783696618089718800,5.49571875,1.177394843611121,4.124311050304771,-1.2340715473398565
1783696618099681800,5.505681884765625,1.0394938548743724,4.447566852870583,-0.8774056426033378
1783696618109644800,5.515644775390625,1.397943135896325,4.61495697094202,-0.6950992565594614
1783696618119607800,5.52560791015625,2.2953461491286755,4.642343575039506,-0.6772993229094892
1783696618129570800,5.53557080078125,3.5277713905662296,4.412086374166607,-0.6294076178565621
1783696618139533800,5.545533935546875,4.604954632365703,4.169603313449025,-0.5039747732877731
1783696618149496800,5.555496826171875,5.232714775276183,3.921383754906058,-0.2990818769045174
1783696618159460900,5.5654609375,5.255258030995726,3.582616494953632,0.05615618698596954
1783696618169424000,5.575423828125,4.976276838964224,3.389477018597722,0.17487952397875486
1783696618179387000,5.585386962890625,4.7198757275313135,3.222463917145133,0.12136639884747565
1783696618189350000,5.595349853515625,4.684416876137257,3.0614678840249776,0.13552045027576387
1783696618199312600,5.605312744140625,4.870590020611882,2.9113959805011747,0.07029526004083454
1783696618209275600,5.615275634765625,5.0248190438151354,2.780926603069901,-0.13259053430370984
1783696618219239700,5.62523974609375,4.941104403296113,2.80578982616961,-0.44187655596695835
1783696618229202700,5.63520263671875,4.691430554291606,2.8969688112199306,-0.8038707430541515
1783696618239165700,5.645165771484375,4.3259225869297975,3.049823623460531,-1.1050758957229554
1783696618249128700,5.655128662109375,3.9682910520315167,3.3283892204284666,-1.2763611215367912
1783696618259714800,5.66571484375,3.5922482466518875,3.360541431492567,-1.3163396423123777
1783696618269677800,5.675677734375,3.132094494912028,3.044001200917363,-1.0827611149970442
1783696618279640600,5.685640625,2.918084664484858,2.50078630413115,-0.6448098427150398
1783696618289603600,5.695603515625,2.983248333790898,1.832590105935931,-0.03373042016625404
1783696618299566800,5.70556689453125,2.9286721094727515,1.1806938851565123,0.43496005457676945
1783696618309529900,5.71552978515625,2.5110060848504303,0.5098983181178569,0.768770861165598
1783696618319492900,5.725492919921875,1.4257190315723418,-0.11671323927938937,0.7039885193273425
1783696618329457000,5.735456787109375,-0.031949966490268704,-0.7718126400142907,0.10311857529953121
1783696618339420000,5.745419921875,-1.8357021004766225,-1.743679650339484,-0.4415296422254294
1783696618349383000,5.7553828125,-4.228431349992752,-2.9990953067421913,-0.6319719153866171
1783696618359345700,5.765345703125,-6.847694395944476,-4.339295863243938,-0.5518957775004207
1783696618369308700,5.77530859375,-9.100646341457962,-5.248828290209174,-0.5028650584802031
1783696618379271700,5.785271728515625,-10.81960889917016,-5.672336026597023,-0.26775139401946213
1783696618389234700,5.795234619140625,-11.522999160343408,-5.890951304993033,0.4370958975616842
1783696618399198700,5.80519873046875,-10.628740290355681,-6.111615332612395,1.182552518635243
1783696618409161700,5.81516162109375,-8.77705443880558,-6.468911936467886,1.6527838661447167
1783696618419124700,5.825124755859375,-7.152660508581995,-6.726224902048707,1.6884040455803273
1783696618429088000,5.835087890625,-6.002517244511842,-6.748353731748462,1.5451932599976659
1783696618439050800,5.84505078125,-5.260918540975451,-6.609381314387917,1.469555542950332
1783696618449013800,5.855013671875,-4.643507358121871,-6.285836758008599,1.4649039177522063
1783696618458977800,5.864977783203125,-3.912019714233279,-5.971764963373541,1.682444991045445
1783696618468940800,5.87494091796875,-2.977659720003605,-5.8286097073704,2.1063816203698513
1783696618478903800,5.88490380859375,-1.5607932724505662,-5.662613674005866,2.276802484439313
1783696618488866800,5.89486669921875,0.055227381703257555,-5.291529367816448,2.2362284819886087
1783696618498829800,5.904829833984375,1.3617717523187398,-4.555220002859831,1.9594104593403636
1783696618508792800,5.914792724609375,2.2048557308644057,-3.4222061527669427,1.1353320639073847
1783696618518755600,5.924755615234375,2.682372705337405,-2.149725379794836,-0.069890624762699
1783696618528719600,5.9347197265625,3.1904461461156606,-1.0446592748135328,-1.3788897681191563
1783696618538682600,5.9446826171875,3.5837837851673364,-0.13577040644884109,-2.301116110832244
1783696618548645600,5.954645751953125,3.7227357442617413,0.8303256192594766,-2.762749433605373
1783696618558609000,5.96460888671875,3.63717226100564,1.7242472201168537,-2.7949042750179767
1783696618568572000,5.974572021484375,3.3114123666644093,2.476718615323305,-2.5557903984725474
1783696618578535000,5.984534912109375,2.7047932114601134,3.04896729889214,-2.0835626164488494
1783696618588499000,5.9944990234375,2.215045116445422,3.5970886724203823,-1.8348048593759536
1783696618598462000,6.0044619140625,2.2270903590261937,4.102719980743527,-1.7284943561673163
1783696618608424700,6.0144248046875,2.8184464786469934,4.292860275283456,-1.568940046288073
1783696618618387700,6.0243876953125,3.741591835901141,4.243384588974714,-1.4320808216892182
1783696618628350700,6.034350830078125,4.58672105653882,4.129376517000794,-1.4046613382354378
1783696618638313700,6.044313720703125,5.182639369508624,3.98447354054749,-1.5541703471794723
1783696618648276700,6.05427685546875,5.510407096540928,3.709595692181587,-1.6726292610824107
1783696618658240800,6.06424072265625,5.647926392483711,3.3918443322509524,-1.6793864802576601
1783696618668203800,6.074203857421875,5.729655412143469,3.2224493040978905,-1.6956113466106355
1783696618678166800,6.084166748046875,5.883039216694235,3.152127229115367,-1.644547368197143
1783696618688129500,6.094129638671875,5.981742167508602,3.2191075924545522,-1.4853900948114693
1783696618698092800,6.1040927734375,5.956849718314409,3.32459684240818,-1.2704625650174914
1783696618708055800,6.114055908203125,5.794465445706248,3.488808914965391,-1.0872576226986943
1783696618718018800,6.124018798828125,5.405386633142829,3.698751057562232,-0.8828530943542718
1783696618727982800,6.13398291015625,4.834430327472091,3.8321220016539095,-0.7734450635217129
1783696618737945900,6.14394580078125,4.145518088984489,3.8896015461981293,-0.9503300090387463
1783696618747908900,6.153908935546875,3.285271378713846,3.978624229997396,-1.2915242038771508
1783696618757871900,6.163871826171875,2.221497653585672,4.051624584278464,-1.4500556004494427
1783696618767834600,6.173834716796875,1.0169535217642784,3.8465865803360937,-1.2471655683211982
1783696618777797600,6.183797607421875,-0.2758861486256122,3.32469095043242,-0.9987129316747188
1783696618787761700,6.19376171875,-1.1598989344090223,2.819661115133762,-0.9689958388030528
1783696618797724700,6.203724609375,-1.3742822743237018,2.1349948436528443,-0.8350216681212186
1783696618807687700,6.213687744140625,-1.0200579175204039,1.341448510736227,-0.7629923508293927
1783696618817650700,6.223650634765625,-0.6214192494511604,0.3912544030368328,-0.9743244864799082
1783696618827614000,6.233614013671875,-0.8836223251610994,-0.8012024006277322,-0.9542249706506729
1783696618837577000,6.243576904296875,-2.114403891044855,-2.1910177596479654,-0.37508448174148795
1783696618847539700,6.253539794921875,-4.584653018093109,-3.2577894975483415,0.5104917539663613
1783696618857504000,6.26350390625,-7.8088102951526634,-3.718866793873906,1.0419970698669552
1783696618867466800,6.273466796875,-10.457316386723518,-3.8001539149850605,1.023895888248086
1783696618877429800,6.2834296875,-11.943916880238055,-4.223868572121859,0.9298094913184642
1783696618887392800,6.293392822265625,-11.704884836757182,-4.900353290712833,1.1134836585842072
1783696618897355800,6.303355712890625,-10.117996753585338,-5.467598466905951,1.7242004583656787
1783696618907318800,6.31331884765625,-8.525142455485463,-5.6737003006875515,2.2262780197300014
1783696618917282800,6.32328271484375,-7.584357981166243,-5.685083864489197,2.5729747575074433
1783696618927245800,6.333245849609375,-6.740996939244866,-5.82497398121655,3.0799387757390737
1783696618937208800,6.343208740234375,-5.565938429626822,-6.1975020564734935,3.494102052937448
1783696618947171600,6.353171630859375,-4.005617450863123,-6.711157681298255,3.933847515159845
1783696618957134800,6.363134765625,-2.2498446271479127,-7.33012486142218,4.4942724899441
1783696618967097900,6.373097900390625,-0.8500397890329361,-7.717070753610134,4.877174951960146
1783696618977060900,6.383060791015625,-0.3647363984674215,-7.515801162290573,4.822982466262578
1783696618987025000,6.39302490234375,-0.8194131801009178,-6.701337713551521,4.079546025905013
1783696618996988000,6.40298779296875,-1.6183318537056446,-5.325336944872141,2.8363293413400648
1783696619006951000,6.412950927734375,-1.6570687038570642,-4.108013410976529,1.4105360754877327
1783696619016914000,6.422913818359375,-0.7541162398040294,-3.2244436927855014,-0.0326931860730052
1783696619026876700,6.432876708984375,0.3474988479405641,-2.3100451210886237,-1.1836162023440002
1783696619036839700,6.442839599609375,1.1861433827340602,-1.3085095332086085,-1.8030431089341639
1783696619046803700,6.4528037109375,1.7718074281930922,-0.21557518004775045,-1.9019182014450429
1783696619056766700,6.4627666015625,2.2737346213012932,0.918681363582611,-1.7754791024431584
1783696619066729700,6.472729736328125,2.740624987819791,2.004716604879498,-1.630716703504324
1783696619076692700,6.482692626953125,2.883623591956496,2.983509615075588,-1.5603294543311
1783696619086655700,6.49265576171875,2.7150895645469424,3.8446792854100464,-1.7187787255778908
1783696619096619000,6.502618896484375,2.424664602959156,4.446925047835707,-1.9353984462425111
1783696619106581800,6.512581787109375,2.1796341958463192,4.795522796928882,-2.084685775259882
1783696619116545800,6.5225458984375,2.0696838748306035,5.0416409992784255,-2.3513636582963167
1783696619126508800,6.5325087890625,2.1566285833120347,5.176526439586281,-2.6465783383786676
1783696619136471800,6.542471923828125,2.494956867325306,5.198062564089894,-2.66520471291542
1783696619146434800,6.552434814453125,2.936345712840557,5.238771591097116,-2.473805942746997
1783696619156397800,6.562397705078125,3.499717262470722,5.38399254745841,-2.1884714361660182
1783696619166360800,6.57236083984375,4.0405537396878,5.505435153347253,-1.7471841513291
1783696619176323800,6.58232373046875,4.368555275475979,5.6214861293256275,-1.303898532281816
1783696619186287900,6.592287841796875,4.627097490590811,5.656359874308109,-1.0071101731419563
1783696619196250600,6.602250732421875,4.913279407781363,5.46426260048151,-0.9070883948139846
1783696619206213600,6.612213623046875,5.251641009542346,5.227721789294481,-1.0155299187019466
1783696619216176600,6.6221767578125,5.437972559449077,5.014448456448316,-1.0502028073500842
1783696619226140000,6.632139892578125,5.407109803673625,4.763254266008734,-0.9376282753106207
1783696619236103000,6.64210302734375,5.280358569982647,4.630685870471597,-0.7914420541137457
1783696619246066700,6.652066650390625,5.222493240991234,4.516853155064583,-0.5503722211949527
1783696619256030000,6.662030029296875,5.3798102933377026,4.477369870460033,-0.403524832675606
1783696619265993000,6.671992919921875,5.571956082481146,4.452756238207221,-0.5876062655679881
1783696619275955700,6.681955810546875,5.379700987744331,4.2008313954055305,-0.8750687240883708
1783696619285918700,6.691918701171875,4.771745615500212,3.7139240767747164,-1.1084244754984973
1783696619295881700,6.7018818359375,4.157351150119305,3.183054282298684,-1.0183879384815693
1783696619305844700,6.7118447265625,3.863291046899557,2.490972181603312,-0.4530208311200142
1783696619315808800,6.721808837890625,3.845705705848336,1.7387930473417044,0.3102257867313921
1783696619325771800,6.731771728515625,3.9124960995733735,0.9726344875663518,0.8604401870161295
1783696619335734800,6.74173486328125,3.8141058679699897,0.0495657026797533,1.2114091952852903
1783696619345697800,6.75169775390625,2.7634143272548912,-1.0531973860561847,1.560388344911486
1783696619355660800,6.761660888671875,0.15088731155991553,-1.8830992269456386,1.5207989695839583
1783696619365623800,6.771623779296875,-3.476037111675739,-2.2827701606720683,1.0868101711921394
1783696619375586800,6.7815869140625,-7.290359837266802,-3.2366905954182146,1.0994809983253477
1783696619385550800,6.79155078125,-10.27071829483509,-4.603317386552691,1.157266978470236
1783696619395513900,6.801513916015625,-11.638796453821659,-5.973334989169239,1.509434402743727
1783696619405476900,6.811476806640625,-11.546021139490604,-7.339143449658155,2.5321345053359865
1783696619415440000,6.82143994140625,-10.450814165222644,-8.067225084495544,3.222150028890371
1783696619425403000,6.83140283203125,-8.90842456446886,-8.512560621809959,3.8539650001496075
1783696619435365600,6.84136572265625,-7.532415612483024,-8.81992970393598,4.384275114916265
1783696619445329700,6.85132958984375,-6.591100392287969,-9.010737522473931,4.609718485766649
1783696619455292700,6.861292724609375,-5.9052510485023255,-9.234415929478406,4.668078320276737
1783696619465255700,6.871255615234375,-4.86416086434722,-9.211457663217187,4.354991445025801
1783696619475218700,6.88121875,-3.498647002890706,-8.790999377527832,3.942974824467301
1783696619485181700,6.891181640625,-2.351351529467106,-7.894611094295978,3.3795255334258076
1783696619495145000,6.90114501953125,-1.6879910808652638,-6.553664687862992,2.6423934539094565
1783696619505108000,6.91110791015625,-1.0876409229278563,-5.113378201755881,1.8834563698202371
1783696619515071700,6.92107177734375,0.05017360544502735,-3.9167274535328147,1.2634877575688064
1783696619525034800,6.93103466796875,1.593136622172594,-2.9101854356676338,0.8223372508540749
1783696619534997800,6.940997802734375,2.668288650405407,-1.9554373179256914,0.6526211740531027
1783696619544960800,6.950960693359375,2.491584176021814,-0.7709604070991277,0.3365424235098064
1783696619554923800,6.960923828125,1.9320728089511394,0.5994833119750023,-0.5371243248261511
1783696619564886800,6.97088671875,1.5755378371179103,1.6559142731249332,-1.4725240373671054
1783696619574849800,6.980849853515625,1.3653840975970029,2.394695581153035,-2.270071714879572
1783696619584813800,6.990813720703125,1.3071978660881518,3.090596363353729,-2.762925959216058
1783696619594776800,7.00077685546875,1.383345870745182,3.6925598017066714,-2.749505628889799
1783696619604739600,7.010739501953125,1.6807891866624354,4.217937428507208,-2.2825986034974455
1783696619614702600,7.02070263671875,2.1347470063716174,4.649798567220568,-1.7061664967641232
1783696619624665900,7.030665771484375,2.6232833875089883,5.007289232343435,-1.2281009484976528
1783696619634628900,7.04062890625,3.047466831201315,5.186273342096805,-0.8184084600377828
1783696619644591900,7.050591796875,3.3860032050073143,5.2435389516294,-0.49481520567853
1783696619654556000,7.060555908203125,3.645148062190413,5.301142414814233,-0.3360921589916572
1783696619664519000,7.070518798828125,3.911993995270133,5.348125699785351,-0.23757022730000316
1783696619674482000,7.08048193359375,4.293367640283703,5.365203091314434,-0.16949629657045007
1783696619684444700,7.090444580078125,4.972689043605327,5.346617048788071,-0.29078699983321127
1783696619694407700,7.10040771484375,5.694549027448892,5.1742362828224895,-0.4916323743913322
1783696619704370700,7.11037060546875,6.254557238125801,4.985602885714173,-0.767053243592754
1783696619714334700,7.120334716796875,6.569522182208299,4.870114219793677,-1.0148158521484583
1783696619724297700,7.130297607421875,6.471465128082037,4.757272268989682,-1.054372348119691
1783696619734260700,7.1402607421875,5.947488600251078,4.729609770560264,-0.9610847734175622
1783696619744223700,7.1502236328125,5.156538713568449,4.753972058400511,-0.8752605933986604
1783696619754186800,7.160186767578125,4.499939429664612,4.8378369210451835,-0.8920010811235756
1783696619764149800,7.170149658203125,3.987776089224219,4.8232203666716815,-0.9296393223833292
1783696619774112800,7.18011279296875,3.441656118646264,4.660365553942323,-0.9432667926542461
1783696619784076800,7.190076904296875,2.8165134647578,4.543720703724026,-0.961329030502215
1783696619794039800,7.200039794921875,2.2932792797267436,4.043018083974719,-0.6519931052826344
1783696619804002800,7.2100029296875,1.8888158510267734,3.0309996805250643,-0.1988797005083412
1783696619813965300,7.21996533203125,1.747152294886112,1.7252637036830185,0.13467267434000968
1783696619823928300,7.22992822265625,1.9411258839786052,0.14784136799275874,0.6748986184433102
1783696619833891300,7.239891357421875,2.054368816798925,-1.0210364071637392,1.0550767700619994
1783696619843854000,7.24985400390625,1.2413491371273995,-1.6647253560900688,1.090507564405352
1783696619853818000,7.259818115234375,-1.0836427932024002,-2.4678321290343996,1.2294628845006226
1783696619863781000,7.269781005859375,-4.713882624596357,-3.71923212005496,1.3866301531128584
1783696619873744100,7.279744140625,-8.72903128939271,-4.9399400356918575,1.1750951883666216
1783696619883707400,7.289707275390625,-11.757528047186135,-5.366586070105433,0.4077095710143447
1783696619893670400,7.29967041015625,-12.73299337426424,-5.217294503304362,-0.148091689492017
1783696619903633400,7.30963330078125,-11.603000333297253,-5.4372506749153136,0.41992965870536864
1783696619913596400,7.319596435546875,-8.946950986739992,-6.178657655271888,1.7581866068586707
1783696619923560400,7.329560546875,-6.308185952460765,-6.709243372109532,2.5876108933642503
1783696619933523200,7.339523193359375,-4.992633515003323,-7.408279529726505,2.959236174562573
1783696619943486200,7.349486328125,-4.876853172659874,-8.103997941097617,3.1164015434786676
1783696619953449200,7.35944921875,-5.140682388266921,-8.386007541039586,3.019785628071427
1783696619963412200,7.369412109375,-4.807088147038221,-8.337015838855505,2.3707487422458824
1783696619973375200,7.379375244140625,-4.277597824221849,-8.032016408470273,1.3675775159880519
1783696619983338200,7.389338134765625,-4.197938596573472,-7.2307350973874325,0.514791204725951
1783696619993302300,7.39930224609375,-4.191907499715685,-6.006995851230621,0.15457896915208547
1783696620003265300,7.409265380859375,-3.6668688956111666,-4.907831663769484,0.036491811170987785
1783696620013228300,7.419228271484375,-2.6815736639142034,-4.0049937660068275,-0.20379870793838054
1783696620023191300,7.42919140625,-1.553891237977147,-3.071616353073716,-0.6663865184247494
1783696620033154300,7.439154296875,-0.2895774048477411,-2.1643588853031397,-1.4908499676525593
1783696620043117300,7.449117431640625,0.9358838427960872,-1.3612684789717198,-2.2965810977511105
1783696620053081300,7.459081298828125,1.9038421552449463,-0.5502952104359865,-2.65928379843384
1783696620063044400,7.46904443359375,2.4699253019213674,0.3524374733865261,-2.599535139913857
1783696620073007400,7.47900732421875,2.591280814048648,1.2666735479980706,-2.2571106726281345
1783696620082970400,7.488970458984375,2.545619717592001,2.1253882263958452,-1.8192345114089548
1783696620092933000,7.49893310546875,2.456535074472427,2.911612253600359,-1.3663441748008132
1783696620102896000,7.508896240234375,2.4665643010556697,3.5350849284499883,-0.9805006178315728
1783696620112859100,7.518859130859375,2.5992110225260254,4.029488740316033,-0.6851466754090041
1783696620122823200,7.5288232421875,2.9161130721509454,4.383078306347132,-0.411808238504827
1783696620132786200,7.5387861328125,3.381884663772583,4.588129754292964,-0.24941826680824158
1783696620142749200,7.548749267578125,4.00334775236547,4.599845911049843,-0.28010332792922854
1783696620152712400,7.55871240234375,4.651787695211172,4.558830594572425,-0.2696929930739105
1783696620162675500,7.568675537109375,5.174782810789346,4.481942585203051,-0.08896295296866447
1783696620172638200,7.57863818359375,5.570924985867738,4.447620044362544,0.18171010065115986
1783696620182601200,7.588601318359375,5.885245786827802,4.499226897481083,0.42020752579867837
1783696620192565200,7.598565185546875,5.95115939771831,4.675939555171132,0.7206677053190768
1783696620202528300,7.6085283203125,5.650901608902216,4.712321366629004,0.9061116587363183
1783696620212491300,7.6184912109375,5.20989445618093,4.644993212765455,0.8020930658571421
1783696620222454300,7.628454345703125,4.970708683443069,4.663462350913882,0.5685737944483756
1783696620232417300,7.638417236328125,4.904663555127382,4.6022582328885795,0.2957256983444094
1783696620242380300,7.64838037109375,4.890966453686357,4.4539182677239175,0.10460961757488547
1783696620252343300,7.65834326171875,4.809129297477007,4.277545217251777,0.039703357096016405
1783696620262307000,7.66830712890625,4.46568177075386,4.063762765839695,-0.132741340951249
1783696620272270000,7.67827001953125,4.047788367116451,3.738212130334973,-0.44623197469748555
1783696620282233300,7.6882333984375,3.5576731923550367,3.210260853654146,-0.7159296439465135
1783696620292196400,7.6981962890625,2.960011250588298,2.5066174945026636,-0.7069559177655727
1783696620302159400,7.708159423828125,2.400818447947502,1.8169179050296544,-0.6503299943760037
1783696620312122400,7.718122314453125,1.9406863235175609,1.1406056203961372,-0.6106270756714046
1783696620322085400,7.72808544921875,1.4447013799399138,0.28505729707479477,0.00035728900507092475
1783696620332049400,7.73804931640625,0.8101151904016732,-0.5606745656311511,0.8991112053897231
1783696620342012200,7.74801220703125,0.19649521652460097,-1.3742752600610255,0.743329399786517
1783696620351975200,7.75797509765625,-0.40551615262329577,-2.070918969583511,-0.0006802373491227626
1783696620361938200,7.767938232421875,-2.0503940679490564,-2.7645085522323845,-0.20474077456146478
1783696620371901200,7.777901123046875,-5.016386731034517,-3.4811721364766357,0.1713530303530395
1783696620381864200,7.7878642578125,-8.565482649180293,-4.001144104841352,0.3652092036109417
1783696620391827500,7.797827392578125,-11.37125844682455,-4.2443303453922265,0.16538739994689822
1783696620401791200,7.807791259765625,-12.69119772106409,-4.397735777252913,-0.3332609176211059
1783696620411754500,7.81775439453125,-12.030430796086787,-4.636517645364999,-0.4653696597572416
1783696620421717200,7.82771728515625,-9.33675928262174,-5.231114938864112,0.33824696240536867
1783696620431680300,7.83768017578125,-6.646771426105499,-5.947670386558771,1.3086306753702461
1783696620441643300,7.847643310546875,-4.8094852713078255,-6.713013538298011,1.9467757264338432
1783696620451606300,7.857606201171875,-3.8365070848703384,-7.3776692874073975,2.533481536030769
1783696620461569300,7.8675693359375,-3.4553555581748485,-7.741500261467695,3.1702178893402215
1783696620471533300,7.877533203125,-3.051703445857763,-7.599162167066336,3.5099814668536182
1783696620481496300,7.887496337890625,-2.7733301565915345,-7.157290506470203,3.311810133810341
1783696620491459300,7.897459228515625,-2.882211971592903,-6.414905620992183,2.4756764127939936
1783696620501422000,7.907422119140625,-2.839613185316324,-5.369027618038654,1.2650916856341063
1783696620511385000,7.917385009765625,-2.090865194547176,-4.3631344194710255,0.27750768541283904
1783696620521348400,7.927348388671875,-0.7453817292064427,-3.494473516598344,-0.2262035050353035
1783696620531311400,7.937311279296875,0.8325555702686309,-2.574730076742172,-0.3840943752143532
1783696620541275100,7.947275146484375,2.2705302723020315,-1.5655600484609602,-0.5610713829290122
1783696620551238400,7.95723828125,3.2691584483027456,-0.43761926384866234,-0.8614175806809217
1783696620561201400,7.967201416015625,3.8232144725769754,0.6679442692607641,-1.0552657898280768
1783696620571164400,7.977164306640625,3.9019659377306697,1.579070687419176,-1.179579567239061
1783696620581127200,7.987127197265625,3.7722839112848043,2.2669378007680177,-1.4264977608598768
1783696620591090200,7.997090087890625,3.556909222245216,2.7356927921146155,-1.5478846910387276
1783696620601053200,8.00705322265625,3.2214106086999177,3.0643723732948303,-1.2691126117132603
1783696620611017200,8.017017333984375,2.774856927767396,3.270482390382886,-0.9110681851651519
1783696620620980200,8.026980224609375,2.4636264940381047,3.385772903382778,-0.7235177609879523
1783696620630943200,8.036943115234376,2.358451132339239,3.391169793990254,-0.6536002482183277
1783696620640906200,8.04690625,2.4680343736082313,3.292730754809081,-0.6805306329809129
1783696620650869200,8.056869140625,2.7508547054111956,3.2516350665718314,-0.7110335424680262
1783696620660832300,8.066832275390626,3.0497558189213274,3.313020386382937,-0.6961334219127893
1783696620670795300,8.076795166015625,3.184430831348896,3.450166465099156,-0.5640810496063903
1783696620680759300,8.08675927734375,3.1437019305974245,3.5678614088922735,-0.3849732404081151
1783696620690722300,8.096722412109376,3.1033021156698464,3.6470346065893766,-0.17319851208925247
1783696620700685300,8.106685302734375,3.0622827075392007,3.74646996333152,-0.014772678800264838
1783696620710648300,8.1166484375,3.1756980743169785,3.8886721563935276,0.02528503555821953
1783696620720611300,8.126611328125,3.4638410624474285,3.9083489167660472,0.09223317027837037
1783696620730574300,8.13657421875,3.9146728590905666,3.7446500544279813,0.20520492147449404
1783696620740537000,8.146537109375,4.4145910504639145,3.530254439553618,0.2716892997239716
1783696620750501400,8.15650146484375,4.861515902796388,3.5233529896020888,0.28232211822355163
1783696620760464100,8.166464111328125,5.184855291992426,3.6061861711114642,0.27934249962456525
1783696620770427100,8.17642724609375,5.351785391336679,3.5899130817025897,0.04413852653186768
1783696620780390100,8.18639013671875,5.019380067631602,3.5807436868190763,-0.33418946717549114
1783696620790353400,8.196353515625,4.062495522382855,3.511401855045557,-0.808497964463383
1783696620800316400,8.20631640625,2.913683799177408,3.2870904108345504,-1.0370984841704367
1783696620810279400,8.216279541015625,1.5628887834250926,2.903288077369332,-0.68071541496329
1783696620820244000,8.226243896484375,0.28416005597412586,2.4338410121053458,-0.2093798142726533
1783696620830207200,8.236207275390624,-0.33276188205778595,1.8586083442896604,0.1687694436006248
1783696620840170200,8.246170166015625,-0.41452188137769697,0.7141735209941864,0.5597420705540105
1783696620850133200,8.25613330078125,-0.4093219746470451,-0.7947434337466954,0.7627419562648982
1783696620860096300,8.26609619140625,-0.833967190632224,-2.2838912736564874,0.5549298114340752
1783696620870059300,8.276059326171875,-2.1274282077908513,-3.4475182886779305,0.33197507906164975
1783696620880022000,8.28602197265625,-4.5675791336953635,-4.047106230071186,0.19800766691416502
1783696620889986000,8.295986083984374,-8.05378517268598,-4.394833626070619,0.32512064658962186
1783696620899949000,8.305948974609375,-11.11138702893257,-4.640279628247022,0.555927151908353
1783696620909912000,8.315912109375,-12.413860789108275,-4.424824859708547,0.424543363045901
1783696620919875000,8.325875,-11.882537405645847,-4.495151610866189,0.647490971557796
1783696620929838000,8.335838134765625,-10.034304909420014,-5.2247822287112475,1.5387226026788352
1783696620939801300,8.34580126953125,-7.433630244082212,-5.6340369833409785,1.9782221273161469
1783696620949764400,8.355764404296876,-5.195490667775273,-5.9552066272825,1.8686532068334518
1783696620959728000,8.36572802734375,-3.9385634377658363,-6.407527785700559,1.8802014596775174
1783696620969691100,8.375691162109375,-3.424305755394697,-6.484250375375151,1.9926617176875472
1783696620979654100,8.385654052734376,-3.2012522022902963,-6.063062021845579,2.1518590308226644
1783696620989617200,8.3956171875,-2.8413001154899598,-5.406632249289751,2.2747281623832882
1783696620999580200,8.405580078125,-2.304602637773752,-4.777332475721836,2.032298731549084
1783696621009543200,8.415543212890626,-1.6859084293723106,-4.170228751870989,1.1636484962008893
1783696621019506200,8.425506103515625,-0.8540203831017017,-3.4668525192230937,-0.06042745739726815
1783696621029470200,8.43547021484375,-0.06236965467333793,-2.703519538262486,-0.8577490482360124
1783696621039433200,8.44543310546875,0.5577502026170492,-1.723855005928874,-1.0744094662372021
1783696621049396000,8.45539599609375,1.1703753202378748,-0.5335404749900102,-0.9279692702792585
1783696621059359000,8.46535888671875,1.8199983353883027,0.5623749398082495,-0.7222036827147007
1783696621069322000,8.475322021484375,2.1970582088559865,1.5090028794586658,-0.5241761055236682
1783696621079285200,8.48528515625,2.1749375624626874,2.193213808387518,-0.36578711309675127
1783696621089248300,8.495248291015624,1.8613959291815756,2.6534704359799623,-0.43707134764231736
1783696621099212300,8.50521240234375,1.5585902094483375,2.934091211912036,-0.8748385685943066
1783696621109175300,8.51517529296875,1.3494658129751682,2.8933991360396143,-1.4255093343444167
1783696621119138300,8.52513818359375,1.1819915237516163,2.777779537215829,-1.8087847213260828
1783696621129101000,8.53510107421875,1.2633470339238644,2.7737942669719455,-2.0304304534591733
1783696621139064000,8.54506396484375,1.7352748100876807,2.833254756200313,-2.0641984291568396
1783696621149027000,8.555027099609376,2.506111298546195,2.980760024106502,-1.9019250695772467
1783696621158990000,8.564989990234375,3.2978146339446304,3.1607121021091937,-1.5628145491451024
1783696621168954000,8.5749541015625,3.933994814676046,3.4209926853239536,-1.12944556315206
1783696621178917000,8.584917236328126,4.437696031719446,3.5848376781344413,-0.6801398800976574
1783696621188880100,8.594880126953125,4.802652210417389,3.589716682347655,-0.2277783896692097
1783696621198843100,8.604843017578125,5.128360082310438,3.6280379374355074,-0.06453574666604399
1783696621208806100,8.61480615234375,5.341487284684181,3.724348440155387,-0.049013037233054634
1783696621218769200,8.62476904296875,5.413913638469577,3.8285464812546968,-0.0903458221618086
1783696621228732200,8.634732177734374,5.4627931124508375,3.9141204859048124,-0.1713645015951246
1783696621238696200,8.6446962890625,5.5068993806809186,3.990729093810916,-0.14612272750660776
1783696621248659200,8.6546591796875,5.590678318607806,4.123067772245407,-0.07987886174842715
1783696621258622200,8.664622314453124,5.791510687553882,4.217698359054327,-0.010385200414061546
1783696621268585200,8.674585205078126,5.826705919575691,4.299638391116261,0.09803206581547856
1783696621278548200,8.68454833984375,5.593538384214043,4.421133603975177,0.1530824835166335
1783696621288511000,8.694510986328124,5.198365346428751,4.4345647479563945,0.08662234465926885
1783696621298474000,8.704473876953125,4.577834570249915,4.124959285080433,0.07121478603854775
1783696621308438000,8.71443798828125,3.984916023617983,3.4209090986937283,0.05002922853827476
1783696621318401000,8.724401123046874,3.368515479111671,2.5587439875811335,0.08493073831051588
1783696621328364000,8.734364013671875,2.676442146244645,1.5284066681087016,0.4146761951565742
1783696621338327300,8.744327392578125,2.0814163982003926,0.166229842120409,0.9832591958247124
1783696621348290300,8.754290283203124,1.6927748080104588,-1.2652373777151107,1.318168611305207
1783696621358253300,8.76425341796875,1.200047404924035,-2.7632681967824695,1.1744466613300144
1783696621368216000,8.774216064453125,-0.3011211276471615,-4.27248618029654,0.6350220967374741
1783696621378180400,8.784180419921874,-3.296728007751703,-5.30301288486123,0.002097556801140308
1783696621388143000,8.79414306640625,-7.156069440242648,-5.804884548389912,-0.1800751929257065
1783696621398106000,8.804106201171875,-10.411873316931723,-6.150056414687633,0.17069544322714209
1783696621408069000,8.814069091796876,-11.905597963237762,-6.2344403327703475,0.6715156980067492
1783696621418032000,8.8240322265625,-11.484113257110119,-6.296948519131541,1.2097329326361417
1783696621427995100,8.8339951171875,-9.432820779016613,-6.758079006949067,1.9251504623420534
1783696621437958100,8.843958251953126,-6.917779739561676,-6.72045684004128,2.1702130181588233
1783696621447922200,8.853922119140625,-5.353769843152165,-6.3708063670247785,2.3780818616129458
1783696621457885200,8.86388525390625,-5.207377504923939,-6.00199994263947,2.8933114577561616
1783696621467848000,8.873847900390626,-5.913927106910943,-5.29076189057529,3.1356779063567517
1783696621477811200,8.883811279296875,-6.619872897785902,-4.521689489179849,2.8894752405941486
1783696621487774200,8.893774169921874,-6.6485378512561315,-4.16088458494246,2.562542795342207
1783696621497737200,8.9037373046875,-5.891228952890634,-3.806251647338271,2.064066473340243
1783696621507700200,8.9137001953125,-4.726151739060878,-3.11877557913363,1.480777194188535
1783696621517664300,8.923664306640624,-3.124998399171233,-2.35893394742012,0.9400374553442
1783696621527627300,8.933627197265626,-1.425916599971056,-1.6946715815424918,0.3056358285926282
1783696621537590300,8.94359033203125,0.3518453527122736,-1.145786822426319,-0.5592436925778165
1783696621547553000,8.953552978515624,2.0223720885574816,-0.7653484124362468,-1.564924673166871
1783696621557516000,8.96351611328125,3.2054724503338337,-0.19170213702917097,-2.2851563251562417
1783696621567479000,8.97347900390625,3.810829622778296,0.49239130299985406,-2.453892451009154
1783696621577442000,8.983442138671874,3.8281823241174218,1.204493278416991,-2.151101344323158
1783696621587406000,8.993406005859375,3.348372270271182,1.8118559454649685,-1.697454636389762
1783696621597369000,9.003369140625,2.757754401797056,2.3989567457288503,-1.3687671641640364
1783696621607332400,9.013332275390624,2.278012737011909,2.9525018978714943,-1.2679055740110576
1783696621617295400,9.02329541015625,2.068163533395529,3.2928388913586732,-1.317762806983292
1783696621627258000,9.033258056640625,2.2411755830019713,3.3205545812800525,-1.482541573512554
1783696621637221000,9.04322119140625,2.6638340090841055,3.2484368550524114,-1.5817580268070102
1783696621647184100,9.05318408203125,3.2341070086658,3.239948135909438,-1.431030289722979
1783696621657147100,9.063147216796875,3.82037135810554,3.3100434163987633,-1.175985999726504
1783696621667111200,9.073111083984376,4.455347423744201,3.319465909260511,-1.0067525918759406
1783696621677074200,9.08307421875,5.09409657818079,3.254543647494912,-0.8467498075768352
1783696621687037200,9.093037109375,5.698093568187952,3.2023394130051135,-0.6921067236799746
1783696621697000200,9.103000244140626,6.216209095031022,3.1659879966855047,-0.6217987502880394
1783696621706963000,9.112962890625,6.553541353744268,3.1470643927678466,-0.6303739056054503
1783696621716926200,9.12292626953125,6.653712623545527,3.1785347590476274,-0.5955992370832711
1783696621726889200,9.13288916015625,6.435466762983799,3.1078438507527113,-0.5710641499593854
1783696621736853200,9.142853271484375,5.980163373884558,3.0001152974396943,-0.6105008189432323
1783696621746816300,9.152816162109374,5.483866295617818,2.9806325983345507,-0.684672189765051
1783696621756779300,9.162779296875,4.977099261263013,3.0526223142683504,-0.7611044912561774
1783696621766742300,9.1727421875,4.305221159684658,3.266675399315357,-0.8279542139530182
1783696621776705300,9.182705322265624,3.65390127748847,3.4595050790697335,-0.8582516639959067
1783696621786668000,9.19266796875,3.010707418602705,3.4917940682560205,-0.7741793691456318
1783696621796631000,9.202631103515625,2.169363561722636,3.2329724516779184,-0.403128015377745
1783696621806595000,9.212594970703124,1.0941221016407012,2.6104256595015523,0.10593341352455317
1783696621816558000,9.22255810546875,0.30912615492641926,1.7320447421252727,0.4991278447132557
1783696621826520800,9.232520751953125,-0.09254501270651817,0.5321913984686136,0.770052133147791
1783696621836483800,9.24248388671875,-0.7944114253133535,-0.9408364967674017,0.8665086202096194
1783696621846447000,9.252447021484375,-2.2501386416584253,-2.159091174033284,0.7473682268485426
1783696621856410000,9.26241015625,-4.406756703576446,-2.7020523883193728,0.355315366910398
1783696621866373000,9.272373046875,-6.808377700078487,-3.2053415174305435,-0.06763809659555554
1783696621876337200,9.282337158203125,-8.983245704436301,-3.9842292103976007,0.020556831142678856
1783696621886300200,9.292300048828125,-10.261817195498942,-4.099674037176371,0.3528299798354506
1783696621896263200,9.30226318359375,-10.585518403744697,-3.997578521314263,0.977537822503224
1783696621906226000,9.312225830078125,-10.037807364583015,-4.422964911055565,2.135045404796302
1783696621916812000,9.32281201171875,-8.672248494940996,-4.800712766787409,3.1233152683898804
1783696621926775000,9.332775146484375,-7.059315869930386,-4.806985855707526,3.1100308394029734
1783696621936738000,9.342738037109376,-5.99936900961399,-5.046204361671209,2.736564314252138
1783696621946702000,9.3527021484375,-5.238118095624446,-5.588119281774759,2.5420003580510615
1783696621956665000,9.3626650390625,-4.366038908740878,-6.175584239175915,2.4230030994877216
1783696621966628000,9.372628173828126,-3.2647482306450604,-6.401462202051282,2.1997511012017728
1783696621976591000,9.382591064453125,-2.285381804475188,-6.124656015971302,1.9304723880171775
1783696621986554000,9.39255419921875,-1.7352169424206016,-5.345264465135336,1.5321449778541922
1783696621996516900,9.402516845703126,-1.6011059936165808,-4.538149625593424,1.0305732471201567
1783696622006480000,9.41247998046875,-1.4412392567873,-3.7025732461988925,0.19997724995408206
1783696622016444000,9.42244384765625,-1.0693874733567237,-2.652524679562449,-0.7115264405515045
1783696622026407000,9.432406982421876,-0.385244933488965,-1.7699638461530207,-1.222050562417507
1783696622036370000,9.442369873046875,0.4697673832595348,-0.9220090467005968,-1.5470330426454544
1783696622046333200,9.452333251953124,1.0698708729594946,-0.07282675127983093,-1.8319313497662544
1783696622056296200,9.462296142578126,1.2089613637417553,0.5764075568139553,-1.942696494296193
1783696622066259200,9.47225927734375,1.0178881722658872,1.140682192763686,-2.023333919326961
1783696622076222000,9.482221923828124,0.8949065202414989,1.6790268531650303,-2.1518216214217243
1783696622086185000,9.49218505859375,0.910833572691679,2.257017295256257,-2.3290507042013107
1783696622096149000,9.50214892578125,1.1100848099261522,2.8453642961889503,-2.3374422465801237
1783696622106112000,9.512112060546874,1.498200330415368,3.289426452566683,-2.258158281984925
1783696622116075000,9.522074951171875,1.94591019564569,3.587215513181686,-2.0901301582708953
1783696622126038000,9.5320380859375,2.399990764951706,3.8062434640318155,-1.8484996227294206
1783696622136001000,9.5420009765625,2.892197359034419,3.9074773946285246,-1.6474397286377847
1783696622145964000,9.551964111328125,3.4495945104300976,3.9234979705810544,-1.41862132839635
1783696622155927000,9.561927001953125,4.076811632505059,3.9842297949194907,-1.1733004869695751
1783696622165890800,9.571890869140624,4.588615491983294,4.114284161809087,-0.8931082386478781
1783696622175854000,9.58185400390625,4.975880533123016,4.3036680850237605,-0.6033074733730405
1783696622185817000,9.591817138671875,5.213532520422339,4.43517148167789,-0.30934147817753255
1783696622195780000,9.601780029296876,5.385453267660736,4.528405061170458,0.04604596758838743
1783696622205743000,9.6117431640625,5.528299896106123,4.625267352554202,0.38739137093313036
1783696622215706000,9.6217060546875,5.6181356498539445,4.631975325760245,0.6960581647194921
1783696622226292200,9.632292236328125,5.694983911734819,4.5796150239259,0.8498656015098095
1783696622236255000,9.6422548828125,5.766155297023057,4.4806882012277836,0.9032779696803539
1783696622246218000,9.652218017578125,5.933929445976019,4.363057262581586,0.8486231271680444
1783696622256182000,9.66218212890625,6.146082834881544,4.138683859050274,0.560213231729716
1783696622266145000,9.67214501953125,6.1376078520029775,3.7162674250304697,0.20416450904347
1783696622276108000,9.68210791015625,5.5914078019261355,3.1536347110688685,-0.013970876881107687
1783696622286071000,9.692071044921875,4.526057621261478,2.504482820561528,-0.00829575385414064
1783696622296034000,9.702033935546876,3.3098534467846155,1.7412714201539754,0.28396884425096214
1783696622305997000,9.7119970703125,1.9823510438144205,0.7709633297085762,0.680557009531185
1783696622315959800,9.721959716796874,1.01210140555799,-0.2940402294754982,1.2769617177784442
1783696622325923800,9.731923828125,0.6834855372637509,-1.1867565461963414,1.7242041116274893
1783696622335886800,9.741886962890625,0.3122960171341896,-1.9188140989273785,1.770518411295861
1783696622345850000,9.75185009765625,-1.115282963091135,-2.660985049393773,1.362461780409515
1783696622355813000,9.761813232421876,-3.999003585681319,-3.3177193578541275,0.5892208611577749
1783696622365776100,9.771776123046875,-7.343452545028924,-3.950328109839558,0.12871741919741034
1783696622375739100,9.7817392578125,-9.681529582381248,-4.578374083954095,0.20708660703524945
1783696622385702100,9.7917021484375,-10.279051238894462,-4.748143790638447,0.4424541366592049
1783696622395666200,9.801666259765625,-9.427553067746757,-5.000366155081987,1.2298114056773484
1783696622405629000,9.81162890625,-7.735670824661851,-5.512450000545382,2.434151393228769
1783696622415592000,9.821592041015625,-6.169535022139549,-5.637991858446598,3.2496506147563458
1783696622425555000,9.831554931640625,-5.229169065493345,-5.553481683635711,3.788584180961549
1783696622435518000,9.84151806640625,-4.704678742921352,-5.577454679897428,4.174448999914527
1783696622445481000,9.85148095703125,-4.443565800535678,-5.920354509609937,4.452451702302694
1783696622455444200,9.8614443359375,-4.438554694375395,-6.2863616586655375,4.350383074447512
1783696622465408000,9.871407958984374,-4.33046899818778,-6.084392394644022,3.6643235950425264
1783696622475371000,9.88137109375,-4.11347576803565,-5.475523414686322,2.593499659141898
1783696622485334000,9.891333984375,-4.015335711801052,-4.801114333325624,1.2729513130933046
1783696622495297000,9.901297119140626,-3.6131811445653437,-4.019025213968754,-0.09623232291713356
1783696622505260000,9.911260009765625,-2.8623019869863984,-3.1906957369625566,-1.2282890184156596
1783696622515223000,9.92122314453125,-2.07164786837995,-2.3361469460725783,-1.7858415065035222
1783696622525186000,9.93118603515625,-1.4010621446996927,-1.3798410774946213,-1.640200278903544
1783696622535150000,9.941150146484375,-0.7164554944515228,-0.29303368278145786,-1.3974068370625377
1783696622545113000,9.951113037109375,-0.0576350273668766,0.6977315047591924,-1.2809509335450828
1783696622555076000,9.961076171875,0.48084115045964715,1.5384411553889512,-1.2542694089770317
1783696622565038800,9.971038818359375,0.9615905309826135,2.06374104077816,-1.3994868582069873
1783696622575001900,9.981001953125,1.4458838677227497,2.3199147731959817,-1.8759015705265103
1783696622584964900,9.99096484375,1.9633628502279519,2.4944687915474173,-2.4110353060573337
1783696622594928000,10.00092822265625,2.4465321513742206,2.7601556177198887,-2.776717460942268
1783696622604892000,10.010891845703124,2.8106021948873994,3.1500720501512287,-2.861182043045759
1783696622614855200,10.020855224609376,3.04130187883079,3.505983044867217,-2.638724117746949
1783696622624818200,10.030818115234375,3.21816125151515,3.69153630387783,-2.2312983321100472
1783696622634781200,10.04078125,3.4633003796994686,3.6403310172975063,-1.7651953165769576
1783696622644744000,10.050743896484375,3.887378024929762,3.58955886143744,-1.4508385675206779
1783696622654707000,10.06070703125,4.410514594805241,3.599895546534657,-1.2582853666201232
1783696622664670000,10.070669921875,4.848303954523802,3.646287879875302,-1.0942479199774562
1783696622674634000,10.080634033203125,5.182162399646639,3.646202539679408,-0.8816188763841987
1783696622684597000,10.090596923828125,5.447536506608128,3.613894261270761,-0.6947635948643088
1783696622694560000,10.10056005859375,5.785805169388651,3.539634262317419,-0.6006754443690181
1783696622704523000,10.11052294921875,6.125833827579021,3.344467079526186,-0.5482498222135007
1783696622714486000,10.120486083984375,6.457081797942519,3.1327585117787122,-0.7136876371733843
1783696622724449000,10.130448974609376,6.634309419417381,3.0559196022480726,-0.9001640023782849
1783696622734412000,10.140412109375,6.541417200708389,3.060144526466727,-1.0062412813529371
1783696622744376000,10.1503759765625,5.928631339567899,3.2265754441171883,-1.0406174520768225
1783696622754339000,10.160339111328126,4.971814014336466,3.3726609083533283,-1.2177652863137423
1783696622764302000,10.170302001953125,4.000511067634821,3.4098452683657405,-1.3408974527247248
1783696622774265000,10.18026513671875,3.316898689121008,3.3573680621534585,-1.3821486237846314
1783696622784228000,10.19022802734375,2.7440099540829657,3.270925457975268,-1.2895371217131615
1783696622794191000,10.200191162109375,2.240014138007164,2.8113164806365964,-0.8815199460543691
1783696622804153900,10.21015380859375,1.9017998357623815,1.9216969608873127,0.03729074299633503
1783696622814117600,10.22011767578125,1.9606915851920843,0.7838637278139591,1.1891330660693347
1783696622824080600,10.23008056640625,2.1402684001415966,-0.4427443517774343,2.042116799599677
1783696622834043600,10.240043701171874,1.9323820210307836,-1.5720909115344286,2.281449579592794
1783696622844006700,10.250006591796875,0.8093816154301166,-2.403315525460243,1.7617603736922143
1783696622853970000,10.259969970703125,-1.6424948195815086,-3.0466841563910245,1.1439466013871133
1783696622863933000,10.269932861328124,-5.316252305662632,-3.278481572443247,1.2270089154772459
1783696622873896000,10.27989599609375,-8.429422904396057,-3.196441587138176,1.3353320736825465
1783696622883860000,10.28985986328125,-9.90610990666151,-3.2171348310768604,1.316746323417127
1783696622893822700,10.29982275390625,-9.94005426183939,-3.9927860263407227,1.6213989861913025
1783696622903785700,10.30978564453125,-8.722024625501037,-5.262845709645748,2.122315394821763
1783696622913748700,10.319748779296875,-6.9368807458728545,-6.084381873250007,1.928727882437408
1783696622923711700,10.329711669921876,-6.08510375778377,-6.440712262421846,1.6498391909949481
1783696622933674800,10.3396748046875,-6.6902540094792835,-6.312479265740514,1.9139698737666009
1783696622943637800,10.3496376953125,-7.540998147389292,-6.035873570668697,2.5571727927416563
1783696622953601800,10.359601806640624,-7.443565947163105,-5.826843282219767,2.776066888079047
1783696622963564800,10.369564697265625,-6.798420954209566,-5.4062721838057035,2.469692662209272
1783696622973527600,10.379527587890625,-6.399591147482395,-4.903105804291367,1.7854162668287754
1783696622983490800,10.38949072265625,-6.140628076606989,-4.427270499294996,0.9508376662999392
1783696622993453800,10.399453857421875,-5.458535455006361,-3.9388919390678403,0.22313063692860305
1783696623003416800,10.409416748046874,-4.203916501939297,-3.397932712253928,-0.19877214848063884
1783696623013379800,10.4193798828125,-2.49856687451601,-2.742227746841311,-0.25465236806944014
1783696623023343900,10.42934375,-0.6968325100928544,-1.975964557647705,-0.255206860147044
1783696623033307000,10.439306884765625,0.6893412775546311,-1.1787556105703114,-0.45488786710090934
1783696623043270000,10.449269775390626,1.730805555719137,-0.5161988795667887,-0.8571453832544386
1783696623053232600,10.459232666015625,2.406154548278451,0.12798925105333328,-1.2284855639010668
1783696623063195600,10.469195556640624,2.681855987986922,0.7986275817036628,-1.2865801716037093
1783696623073158700,10.47915869140625,2.3434330114275217,1.567982891693711,-1.3355860484436153
1783696623083121700,10.48912158203125,2.2991256676673886,2.48416893132925,-1.5594903731584548
1783696623093085700,10.499085693359374,2.0641934607207775,3.4007439702823756,-1.3540098861455916
1783696623103048700,10.509048583984375,1.3230378247767687,3.5747514606669544,-1.258396133518219
1783696623113011700,10.51901171875,1.4362234744518994,3.7016888645797965,-1.666255926658213
1783696623122975000,10.52897509765625,2.1968471964538097,3.9288004609033464,-1.8913684581190346
1783696623132937700,10.538937744140625,3.1417309227854013,3.8518846867442127,-1.8861901786983013
1783696623142900700,10.548900634765625,4.021167486694455,3.9006919722720976,-1.8582218291901051
1783696623152863700,10.55886376953125,4.730357374057173,3.963436305476725,-1.7252124118871985
1783696623162826800,10.56882666015625,5.406321868166327,4.028869147112966,-1.5249956906214355
